feature1,feature2,feature3,feature4,feature5,feature6,feature7,class_label
0.44,0.52,0.48,0.5,0.43,0.47,0.54,im
0.49,0.29,0.48,0.5,0.56,0.24,0.35,cp
0.07,0.4,0.48,0.5,0.54,0.35,0.44,cp
0.56,0.4,0.48,0.5,0.49,0.37,0.46,cp
0.59,0.49,0.48,0.5,0.52,0.45,0.36,cp
0.23,0.32,0.48,0.5,0.55,0.25,0.35,cp
0.74,0.49,0.48,0.5,0.42,0.54,0.36,pp
0.67,0.39,0.48,0.5,0.36,0.38,0.46,cp
0.29,0.28,0.48,0.5,0.44,0.23,0.34,cp
0.63,0.47,0.48,0.5,0.51,0.82,0.84,im
0.7,0.61,0.48,0.5,0.56,0.52,0.43,pp
0.21,0.34,0.48,0.5,0.51,0.28,0.39,cp
0.2,0.44,0.48,0.5,0.46,0.51,0.57,cp
0.42,0.4,0.48,0.5,0.56,0.18,0.3,cp
0.23,0.48,0.48,0.5,0.59,0.88,0.89,im
0.66,0.86,0.48,0.5,0.34,0.41,0.36,pp
0.34,0.49,0.48,0.5,0.58,0.85,0.8,im
0.43,0.4,0.48,0.5,0.58,0.75,0.78,im
0.42,0.24,0.48,0.5,0.57,0.27,0.37,cp
0.73,0.78,0.48,0.5,0.58,0.51,0.31,pp
0.72,0.42,0.48,0.5,0.65,0.77,0.79,imU
0.46,0.61,0.48,0.5,0.48,0.86,0.87,im
0.85,0.53,0.48,0.5,0.53,0.52,0.35,imS
0.27,0.35,0.48,0.5,0.51,0.77,0.79,im
0.79,0.41,0.48,0.5,0.66,0.81,0.83,imU
0.52,0.39,0.48,0.5,0.65,0.71,0.73,im
0.65,0.57,0.48,0.5,0.47,0.47,0.51,pp
0.56,0.68,0.48,0.5,0.77,0.36,0.45,om
0.25,0.48,0.48,0.5,0.44,0.17,0.29,cp
0.72,0.86,0.48,0.5,0.17,0.55,0.21,pp
0.83,0.48,0.48,0.5,0.65,0.76,0.79,imU
0.39,0.32,0.48,0.5,0.46,0.24,0.35,cp
0.51,0.5,0.48,0.5,0.46,0.32,0.35,cp
0.69,0.43,0.48,0.5,0.59,0.74,0.77,imU
0.22,0.43,0.48,0.5,0.48,0.16,0.28,cp
0.25,0.4,0.48,0.5,0.46,0.44,0.52,cp
0.34,0.45,0.48,0.5,0.38,0.24,0.35,cp
0.44,0.27,0.48,0.5,0.55,0.52,0.58,cp
0.23,0.4,0.48,0.5,0.39,0.28,0.38,cp
0.41,0.57,0.48,0.5,0.39,0.21,0.32,cp
0.65,0.51,0.48,0.5,0.66,0.54,0.33,om
0.67,0.7,0.48,0.5,0.46,0.45,0.33,pp
0.29,0.47,0.48,0.5,0.71,0.65,0.69,im
0.79,0.36,0.48,0.5,0.46,0.82,0.7,imU
0.78,0.33,0.48,0.5,0.57,0.77,0.79,imU
0.4,0.45,0.48,0.5,0.38,0.22,0.0,cp
0.31,0.23,0.48,0.5,0.73,0.05,0.14,cp
0.55,0.47,0.48,0.5,0.57,0.78,0.8,im
0.75,0.37,0.48,0.5,0.64,0.7,0.74,imU
0.51,0.54,0.48,0.5,0.41,0.34,0.43,cp
0.7,0.39,1.0,0.5,0.51,0.82,0.84,imL
0.59,0.29,0.48,0.5,0.64,0.75,0.77,imU
0.12,0.67,0.48,0.5,0.74,0.58,0.63,im
0.4,0.5,0.48,0.5,0.65,0.82,0.84,im
0.67,0.37,0.48,0.5,0.54,0.64,0.68,imU
0.3,0.16,0.48,0.5,0.56,0.11,0.23,cp
0.36,0.39,0.48,0.5,0.48,0.22,0.23,cp
0.67,0.81,0.48,0.5,0.54,0.49,0.23,pp
0.29,0.37,0.48,0.5,0.48,0.44,0.52,cp
0.25,0.4,0.48,0.5,0.47,0.33,0.42,cp
0.67,0.61,0.48,0.5,0.51,0.37,0.38,pp
0.21,0.51,0.48,0.5,0.5,0.32,0.41,cp
0.43,0.37,0.48,0.5,0.53,0.35,0.44,cp
0.73,0.36,0.48,0.5,0.53,0.91,0.92,im
0.43,0.39,0.48,0.5,0.47,0.31,0.41,cp
0.53,0.38,0.48,0.5,0.44,0.26,0.36,cp
0.34,0.33,0.48,0.5,0.38,0.35,0.44,cp
0.63,1.0,0.48,0.5,0.35,0.51,0.49,pp
0.84,0.44,0.48,0.5,0.48,0.71,0.74,im
0.48,0.45,0.48,0.5,0.6,0.78,0.8,im
0.54,0.49,0.48,0.5,0.4,0.87,0.88,im
0.56,0.51,0.48,0.5,0.34,0.37,0.46,cp
0.66,0.48,0.48,0.5,0.54,0.7,0.74,imU
0.57,0.59,0.48,0.5,0.39,0.47,0.33,pp
0.64,0.46,0.48,0.5,0.48,0.73,0.76,imU
0.48,0.41,0.48,0.5,0.51,0.9,0.88,im
0.71,0.71,0.48,0.5,0.4,0.54,0.39,pp
0.5,0.66,0.48,0.5,0.31,0.92,0.92,im
0.66,0.74,0.48,0.5,0.31,0.38,0.43,pp
0.76,0.71,0.48,0.5,0.5,0.71,0.75,imU
0.67,0.81,0.48,0.5,0.25,0.42,0.25,pp
0.64,0.72,0.48,0.5,0.49,0.42,0.19,pp
0.4,0.29,0.48,0.5,0.42,0.35,0.44,cp
0.24,0.35,0.48,0.5,0.31,0.19,0.31,cp
0.36,0.54,0.48,0.5,0.41,0.38,0.46,cp
0.06,0.61,0.48,0.5,0.49,0.92,0.37,im
0.71,0.52,0.48,0.5,0.64,1.0,0.99,im
0.29,0.52,0.48,0.5,0.42,0.29,0.39,cp
0.72,0.46,0.48,0.5,0.51,0.66,0.7,im
0.47,0.55,0.48,0.5,0.58,0.71,0.75,im
0.46,0.59,0.48,0.5,0.36,0.76,0.23,im
0.65,0.47,0.48,0.5,0.59,0.3,0.4,cp
0.78,0.68,0.48,0.5,0.83,0.4,0.29,om
0.52,0.81,0.48,0.5,0.72,0.38,0.38,om
0.68,0.82,0.48,0.5,0.38,0.65,0.56,pp
0.32,0.39,0.48,0.5,0.53,0.28,0.38,pp
0.64,0.57,0.48,0.5,0.7,0.33,0.26,om
0.7,0.64,0.48,0.5,0.47,0.51,0.47,pp
0.84,0.49,0.48,0.5,0.55,0.78,0.74,imU
0.77,0.55,0.48,0.5,0.51,0.78,0.74,imU
0.32,0.42,0.48,0.5,0.35,0.28,0.38,cp
0.63,0.69,0.48,0.5,0.65,0.41,0.28,om
0.6,0.76,1.0,0.5,0.77,0.59,0.52,om
0.63,0.57,0.48,0.5,0.49,0.7,0.2,pp
0.33,0.56,0.48,0.5,0.33,0.78,0.8,im
0.64,0.58,0.48,0.5,0.48,0.78,0.73,im
0.81,0.44,0.48,0.5,0.42,0.67,0.68,imU
0.36,0.45,0.48,0.5,0.38,0.79,0.17,im
0.0,0.51,0.48,0.5,0.35,0.67,0.44,im
0.1,0.49,0.48,0.5,0.41,0.67,0.21,im
0.54,0.57,0.48,0.5,0.56,0.81,0.83,im
0.38,0.46,0.48,0.5,0.48,0.22,0.29,cp
0.33,0.45,0.48,0.5,0.52,0.32,0.41,cp
0.3,0.37,0.48,0.5,0.59,0.41,0.49,cp
0.47,0.59,0.48,0.5,0.52,0.76,0.79,im
0.63,0.5,0.48,0.5,0.59,0.85,0.86,im
0.4,0.5,0.48,0.5,0.45,0.39,0.47,cp
0.74,0.82,0.48,0.5,0.49,0.49,0.41,pp
0.28,0.38,0.48,0.5,0.5,0.33,0.42,cp
0.63,0.86,0.48,0.5,0.39,0.47,0.34,pp
0.49,0.42,0.48,0.5,0.53,0.79,0.81,im
0.61,0.45,0.48,0.5,0.48,0.35,0.41,cp
0.63,0.83,0.48,0.5,0.4,0.39,0.19,pp
0.31,0.5,0.48,0.5,0.57,0.84,0.85,im
0.74,0.44,0.48,0.5,0.55,0.88,0.89,im
0.58,0.6,0.48,0.5,0.59,0.73,0.76,imU
0.17,0.38,0.48,0.5,0.45,0.42,0.5,cp
0.44,0.35,0.48,0.5,0.55,0.55,0.61,cp
0.43,0.4,0.48,0.5,0.39,0.28,0.39,cp
0.42,0.35,0.48,0.5,0.58,0.15,0.27,cp
0.23,0.33,0.48,0.5,0.43,0.33,0.43,cp
0.37,0.52,0.48,0.5,0.42,0.42,0.36,cp
0.63,0.71,0.48,0.5,0.6,0.4,0.39,pp
0.29,0.3,0.48,0.5,0.45,0.03,0.17,cp
0.22,0.36,0.48,0.5,0.35,0.39,0.47,cp
0.23,0.58,0.48,0.5,0.37,0.53,0.59,cp
0.47,0.47,0.48,0.5,0.22,0.16,0.26,cp
0.54,0.47,0.48,0.5,0.28,0.33,0.42,cp
0.33,0.45,0.48,0.5,0.45,0.88,0.89,im
0.51,0.37,0.48,0.5,0.35,0.36,0.45,cp
0.63,0.42,0.48,0.5,0.48,0.77,0.8,imU
0.45,0.4,0.48,0.5,0.61,0.74,0.77,im
0.62,0.42,0.48,0.5,0.58,0.79,0.81,imU
0.71,0.4,0.48,0.5,0.71,0.7,0.74,im
0.67,0.88,0.48,0.5,0.73,0.5,0.25,om
0.78,0.44,0.48,0.5,0.45,0.73,0.68,imU
0.4,0.35,0.48,0.5,0.45,0.33,0.42,cp
0.5,0.37,0.48,0.5,0.66,0.64,0.69,im
0.71,0.86,0.48,0.5,0.4,0.54,0.32,pp
0.68,0.78,0.48,0.5,0.43,0.44,0.42,pp
0.66,0.53,0.48,0.5,0.59,0.66,0.66,im
0.6,0.61,0.48,0.5,0.54,0.67,0.71,im
0.44,0.34,0.48,0.5,0.3,0.33,0.43,cp
0.42,0.38,0.48,0.5,0.54,0.34,0.43,cp
0.83,0.37,0.48,0.5,0.61,0.71,0.74,im
0.34,0.51,0.48,0.5,0.67,0.9,0.9,im
0.44,0.56,0.48,0.5,0.5,0.46,0.54,cp
0.64,0.84,0.48,0.5,0.37,0.45,0.4,pp
0.63,0.54,0.48,0.5,0.65,0.79,0.81,im
0.7,0.4,0.48,0.5,0.56,0.86,0.83,im
0.74,0.47,0.48,0.5,0.5,0.57,0.42,pp
0.52,0.36,0.48,0.5,0.41,0.28,0.38,cp
0.36,0.41,0.48,0.5,0.48,0.47,0.54,cp
0.18,0.3,0.48,0.5,0.46,0.24,0.35,cp
0.86,0.39,0.48,0.5,0.59,0.89,0.9,imU
0.81,0.53,0.48,0.5,0.57,0.87,0.88,imU
0.6,0.5,1.0,0.5,0.54,0.77,0.8,im
0.87,0.49,0.48,0.5,0.61,0.76,0.79,imU
0.47,0.46,0.48,0.5,0.62,0.74,0.77,imU
0.75,0.84,0.48,0.5,0.35,0.52,0.33,pp
0.47,0.29,0.48,0.5,0.51,0.33,0.43,cp
0.24,0.43,0.48,0.5,0.54,0.52,0.59,cp
0.25,0.37,0.48,0.5,0.41,0.33,0.42,cp
0.52,0.57,0.48,0.5,0.42,0.47,0.54,cp
0.25,0.37,0.48,0.5,0.43,0.26,0.36,cp
0.63,0.65,0.48,0.5,0.39,0.44,0.35,pp
0.76,0.41,0.48,0.5,0.5,0.59,0.62,imU
0.3,0.51,0.48,0.5,0.42,0.61,0.34,im
0.16,0.51,0.48,0.5,0.33,0.39,0.48,im
0.74,0.7,0.48,0.5,0.66,0.65,0.69,im
0.77,0.57,1.0,0.5,0.37,0.54,0.01,omL
0.35,0.48,0.48,0.5,0.56,0.4,0.48,cp
0.26,0.26,0.48,0.5,0.34,0.25,0.35,cp
0.2,0.46,0.48,0.5,0.57,0.78,0.81,im
0.61,0.75,0.48,0.5,0.51,0.33,0.33,om
0.63,0.49,0.48,0.5,0.54,0.76,0.79,imS
0.44,0.51,0.48,0.5,0.47,0.26,0.36,cp
0.89,0.55,0.48,0.5,0.51,0.72,0.76,im
0.7,0.46,0.48,0.5,0.56,0.78,0.73,im
0.37,0.5,0.48,0.5,0.42,0.36,0.45,cp
0.44,0.42,0.48,0.5,0.42,0.25,0.2,cp
0.75,0.55,1.0,1.0,0.4,0.47,0.3,imL
0.66,0.49,1.0,0.5,0.54,0.56,0.36,omL
0.71,0.46,1.0,0.5,0.52,0.59,0.3,omL
0.67,0.84,0.48,0.5,0.74,0.54,0.37,om
0.69,0.67,0.48,0.5,0.3,0.39,0.24,pp
0.7,0.71,0.48,0.5,0.42,0.84,0.85,pp
0.7,0.53,0.48,0.5,0.7,0.86,0.87,imU
0.64,0.45,0.48,0.5,0.67,0.61,0.66,imU
0.74,0.9,0.48,0.5,0.57,0.53,0.29,om
0.73,0.84,0.48,0.5,0.86,0.58,0.29,om
0.75,0.76,0.48,0.5,0.83,0.57,0.3,om
0.69,0.59,0.48,0.5,0.77,0.39,0.21,om
0.24,0.43,0.48,0.5,0.37,0.28,0.38,cp
0.63,0.49,0.48,0.5,0.79,0.45,0.28,om
0.77,0.57,0.48,0.5,0.88,0.53,0.2,om
0.69,0.8,0.48,0.5,0.46,0.57,0.26,pp
0.64,0.66,0.48,0.5,0.41,0.39,0.2,pp
0.42,0.3,0.48,0.5,0.48,0.26,0.36,cp
0.48,0.42,0.48,0.5,0.45,0.25,0.35,cp
0.68,0.63,0.48,0.5,0.73,0.4,0.3,om
0.67,0.55,1.0,0.5,0.66,0.58,0.16,omL
0.41,0.48,0.48,0.5,0.51,0.44,0.51,cp
0.44,0.28,0.48,0.5,0.43,0.27,0.37,cp
0.29,0.41,0.48,0.5,0.48,0.38,0.46,cp
0.34,0.28,0.48,0.5,0.41,0.35,0.44,cp
0.12,0.43,0.48,0.5,0.63,0.7,0.74,im
0.41,0.43,0.48,0.5,0.45,0.31,0.41,cp
0.74,0.78,0.48,0.5,0.75,0.54,0.15,om
0.29,0.47,0.48,0.5,0.41,0.23,0.34,cp
0.61,0.52,0.48,0.5,0.54,0.67,0.52,im
0.34,0.55,0.48,0.5,0.58,0.31,0.41,cp
0.36,0.56,0.48,0.5,0.43,0.45,0.53,cp
0.33,0.37,0.48,0.5,0.46,0.65,0.69,im
0.81,0.52,0.48,0.5,0.57,0.78,0.8,imU
0.63,0.8,0.48,0.5,0.46,0.31,0.29,pp
0.63,0.65,0.48,0.5,0.66,0.67,0.71,im
0.66,0.71,0.48,0.5,0.41,0.5,0.35,pp
0.69,0.59,0.48,0.5,0.46,0.44,0.52,pp
0.68,0.67,0.48,0.5,0.49,0.4,0.34,pp
0.4,0.46,0.48,0.5,0.52,0.49,0.56,cp
0.41,0.51,0.48,0.5,0.53,0.75,0.78,im
0.64,0.78,0.48,0.5,0.5,0.36,0.38,pp
0.34,0.67,0.48,0.5,0.52,0.76,0.79,im
0.58,0.34,0.48,0.5,0.56,0.87,0.81,im
0.62,0.78,0.48,0.5,0.47,0.49,0.54,pp
0.5,0.49,0.48,0.5,0.49,0.46,0.53,cp
0.52,0.44,0.48,0.5,0.37,0.36,0.42,cp
0.59,0.56,0.48,0.5,0.55,0.8,0.82,im
0.51,0.4,0.48,0.5,0.57,0.62,0.67,im
0.5,0.51,0.48,0.5,0.27,0.23,0.34,cp
0.53,0.42,0.48,0.5,0.16,0.29,0.39,cp
0.5,0.57,0.48,0.5,0.71,0.61,0.66,im
0.6,0.46,0.48,0.5,0.45,0.81,0.83,im
0.34,0.46,0.48,0.5,0.52,0.35,0.44,cp
0.37,0.47,0.48,0.5,0.39,0.76,0.79,im
0.4,0.42,0.48,0.5,0.37,0.27,0.27,cp
0.58,0.55,0.48,0.5,0.57,0.7,0.74,im
0.41,0.43,0.48,0.5,0.5,0.24,0.25,cp
0.36,0.47,0.48,0.5,0.51,0.69,0.72,im
0.3,0.45,0.48,0.5,0.36,0.21,0.32,cp
0.31,0.47,0.48,0.5,0.29,0.28,0.39,cp
0.64,0.76,0.48,0.5,0.45,0.35,0.38,cp
0.73,0.26,0.48,0.5,0.57,0.75,0.78,imU
0.39,0.41,0.48,0.5,0.52,0.72,0.75,im
0.35,0.37,0.48,0.5,0.3,0.34,0.43,cp
0.35,0.51,0.48,0.5,0.61,0.71,0.74,im
0.76,0.73,0.48,0.5,0.44,0.39,0.39,pp
0.31,0.44,0.48,0.5,0.5,0.79,0.82,im
0.57,0.54,0.48,0.5,0.37,0.28,0.33,cp
0.65,0.55,0.48,0.5,0.34,0.37,0.28,cp
0.64,0.81,0.48,0.5,0.37,0.39,0.44,pp
0.51,0.46,0.48,0.5,0.58,0.31,0.41,cp
0.38,0.4,0.48,0.5,0.63,0.25,0.35,cp
0.49,0.61,1.0,0.5,0.56,0.71,0.74,imU
0.24,0.57,0.48,0.5,0.63,0.34,0.43,cp
0.38,0.26,0.48,0.5,0.54,0.16,0.28,cp
0.33,0.47,0.48,0.5,0.53,0.18,0.29,cp
0.24,0.34,0.48,0.5,0.38,0.3,0.4,cp
0.26,0.5,0.48,0.5,0.44,0.32,0.41,cp
0.44,0.49,0.48,0.5,0.39,0.38,0.4,cp
0.43,0.32,0.48,0.5,0.33,0.45,0.52,cp
0.61,0.66,0.48,0.5,0.46,0.87,0.88,im
0.88,0.42,0.48,0.5,0.52,0.73,0.75,imU
0.48,0.49,0.48,0.5,0.52,0.77,0.71,im
0.11,0.5,0.48,0.5,0.58,0.72,0.68,im
0.84,0.54,0.48,0.5,0.75,0.92,0.7,imU
0.31,0.36,0.48,0.5,0.58,0.94,0.94,im
0.49,0.43,0.48,0.5,0.49,0.3,0.4,cp
0.68,0.49,1.0,0.5,0.62,0.55,0.28,omL
0.47,0.28,0.48,0.5,0.56,0.2,0.25,cp
0.32,0.33,0.48,0.5,0.6,0.06,0.2,cp
0.29,0.39,0.48,0.5,0.52,0.4,0.48,pp
0.62,0.83,0.48,0.5,0.46,0.36,0.4,pp
0.34,0.35,0.48,0.5,0.51,0.49,0.56,cp
0.35,0.34,0.48,0.5,0.46,0.3,0.27,cp
0.38,0.3,0.48,0.5,0.43,0.29,0.39,cp
0.38,0.44,0.48,0.5,0.43,0.2,0.31,cp
0.41,0.51,0.48,0.5,0.58,0.2,0.31,cp
0.34,0.42,0.48,0.5,0.41,0.34,0.43,cp
0.51,0.49,0.48,0.5,0.53,0.14,0.26,cp
0.25,0.51,0.48,0.5,0.37,0.42,0.5,cp
0.29,0.28,0.48,0.5,0.5,0.42,0.5,cp
0.25,0.26,0.48,0.5,0.39,0.32,0.42,cp
0.24,0.41,0.48,0.5,0.49,0.23,0.34,cp
0.17,0.39,0.48,0.5,0.53,0.3,0.39,cp
0.04,0.31,0.48,0.5,0.41,0.29,0.39,cp
0.61,0.36,0.48,0.5,0.49,0.35,0.44,cp
0.34,0.51,0.48,0.5,0.44,0.37,0.46,cp
0.28,0.33,0.48,0.5,0.45,0.22,0.33,cp
0.4,0.46,0.48,0.5,0.42,0.35,0.44,cp
0.23,0.34,0.48,0.5,0.43,0.26,0.37,cp
0.37,0.44,0.48,0.5,0.42,0.39,0.47,cp
0.0,0.38,0.48,0.5,0.42,0.48,0.55,cp
0.39,0.31,0.48,0.5,0.38,0.34,0.43,cp
0.3,0.44,0.48,0.5,0.49,0.22,0.33,cp
0.56,0.54,0.48,0.5,0.43,0.37,0.3,pp
0.63,0.51,0.48,0.5,0.64,0.72,0.76,imU
0.69,0.66,0.48,0.5,0.41,0.5,0.25,pp
0.27,0.3,0.48,0.5,0.71,0.28,0.39,cp
0.17,0.52,0.48,0.5,0.49,0.37,0.46,cp
0.68,0.51,0.48,0.5,0.71,0.75,0.78,im
0.61,0.47,0.48,0.5,0.0,0.8,0.32,im
0.69,0.65,0.48,0.5,0.63,0.48,0.41,pp
0.71,0.71,0.48,0.5,0.68,0.43,0.36,om
0.63,0.75,0.48,0.5,0.64,0.73,0.66,im
0.57,0.38,0.48,0.5,0.06,0.49,0.33,imU
0.43,0.59,0.48,0.5,0.52,0.49,0.56,pp
0.74,0.56,0.48,0.5,0.47,0.68,0.3,pp
0.68,0.76,0.48,0.5,0.84,0.45,0.27,om
0.36,0.42,0.48,0.5,0.53,0.32,0.41,cp
0.86,0.55,0.48,0.5,0.63,0.81,0.83,imU
0.3,0.37,0.48,0.5,0.43,0.18,0.3,cp
0.71,0.57,0.48,0.5,0.48,0.35,0.32,pp
0.26,0.4,0.48,0.5,0.36,0.26,0.37,cp
0.79,0.54,0.48,0.5,0.5,0.66,0.68,imU
0.61,0.6,0.48,0.5,0.44,0.39,0.38,pp
0.4,0.41,0.48,0.5,0.55,0.22,0.33,cp
0.22,0.34,0.48,0.5,0.42,0.29,0.39,cp
0.44,0.35,0.48,0.5,0.44,0.52,0.59,cp
0.27,0.42,0.48,0.5,0.37,0.38,0.43,cp
0.16,0.43,0.48,0.5,0.54,0.27,0.37,cp
0.69,0.39,0.48,0.5,0.57,0.76,0.79,im
0.59,0.61,0.48,0.5,0.42,0.42,0.37,pp
0.52,0.54,0.48,0.5,0.62,0.76,0.79,im
0.74,0.74,0.48,0.5,0.31,0.53,0.52,pp
0.7082008734195374,0.41624279494252,1.0,0.5820087341953748,0.49195807847701756,0.7625938860632376,0.7514305670689951,imL
0.7157781936472801,0.44049021967129665,1.0,0.657781936472802,0.47528797397598355,0.7095526444690385,0.6695955086093738,imL
0.732229108063217,0.49313314580229417,1.0,0.8222910806321693,0.4390959622609228,0.5943962435574814,0.49192563291725716,imL
0.7118087377905316,0.42778796092970106,1.0,0.6180873779053158,0.48402077686083056,0.737338835466279,0.712465631862259,imL
0.7455090139478141,0.5356288446330051,1.0,0.9550901394781406,0.4098801693148091,0.5014369023653016,0.3485026493636081,imL
0.7303432425071346,0.48709837602283085,1.0,0.8034324250713463,0.44324486648430383,0.6075973024500576,0.512292980922946,imL
0.723923932561319,0.466556584196221,1.0,0.7392393256131905,0.4573673483650981,0.6525324720707666,0.5816215283377542,imL
0.7109347634187594,0.42499124294003016,1.0,0.6093476341875942,0.4859435204787293,0.743456656068684,0.7219045550773983,imL
0.7091723551655165,0.41935153652965285,1.0,0.5917235516551651,0.4898208186358637,0.7557935138413844,0.7409385642124217,imL
0.7392253065755329,0.5155209810417054,1.0,0.8922530657553293,0.4237043255338276,0.5454228539712696,0.41636668898424434,imL
0.708671205679525,0.41774785817448,1.0,0.5867120567952501,0.490923347505045,0.759301560243325,0.7463509786611299,imL
0.748612191398526,0.545559012475283,1.0,0.9861219139852593,0.403053178923243,0.4797146602103185,0.3149883328959199,imL
0.7326855657062606,0.494593810260034,1.0,0.8268556570626062,0.4380917554462267,0.5912010400561757,0.4869958903723853,imL
0.7275080667830413,0.47802581370573205,1.0,0.7750806678304125,0.44948225307730927,0.6274435325187112,0.5429128787431545,imL
0.7190482502965763,0.450954400949044,1.0,0.6904825029657624,0.4680938493475323,0.6866622479239664,0.6342788967969766,imL
0.7118425580359556,0.4278961857150583,1.0,0.6184255803595571,0.4839463723208975,0.73710209374831,0.7121003732116784,imL
0.7493197831967101,0.5478233062294724,1.0,0.9931978319671011,0.4014964769672378,0.47476151762302926,0.30734634147553086,imL
0.749356133156957,0.5479396261022627,1.0,0.9935613315695708,0.40141650705469445,0.47450706790130043,0.30695376190486345,imL
0.7432691612123086,0.5284613158793875,1.0,0.9326916121230857,0.41480784533292114,0.51711587151384,0.3726930589070674,imL
0.7012131348041974,0.39388203137343203,1.0,0.5121313480419749,0.5073311034307655,0.8115080563706175,0.826898144114667,imL
0.7127401336551907,0.4307684276966104,1.0,0.6274013365519074,0.48197170595858035,0.7308190644136647,0.7024065565239399,imL
0.7072020091218367,0.4130464291898777,1.0,0.5720200912183679,0.4941555799319591,0.7695859361471424,0.7622183014841626,imL
0.7014936306542432,0.39477961809357826,1.0,0.514936306542432,0.506714012560665,0.8095445854202975,0.8238687889341734,imL
0.7073838603550098,0.41362835313603125,1.0,0.5738386035500975,0.49375550721897854,0.7683129775149317,0.7602543081658946,imL
0.728291967009672,0.4805342944309505,1.0,0.7829196700967203,0.44775767257872157,0.6219562309322958,0.5344467562955422,imL
0.7103543744180636,0.42313399813780384,1.0,0.6035437441806368,0.48722037628025994,0.7475193790735541,0.7281727562849122,imL
0.7281218430103864,0.4799898976332364,1.0,0.7812184301038637,0.44813194537715,0.6231470989272954,0.5362840954878272,imL
0.7210599082827366,0.45739170650475724,1.0,0.7105990828273663,0.4636682017779794,0.6725806420208436,0.6125529905464443,imL
0.748739075652081,0.5459650420866593,1.0,0.98739075652081,0.4027740335654218,0.4788264704354329,0.3136179829575251,imL
0.7428077810924666,0.5269848994958933,1.0,0.9280778109246665,0.4158228815965734,0.5203455323527335,0.3776759642013602,imL
0.7171935595515657,0.4450193905650105,1.0,0.6719355955156578,0.4721741689865553,0.6996450831390395,0.6543095568430896,imL
0.7074117040430715,0.413717452937829,1.0,0.5741170404307157,0.49369425110524257,0.768118071698499,0.7599535963348271,imL
0.704074821425078,0.4030394285602499,1.0,0.5407482142507807,0.5010353928648282,0.7914762500244534,0.7959919286091568,imL
0.7363950455363558,0.5064641457163386,1.0,0.863950455363558,0.4299308998200173,0.5652346812455094,0.4469335082073574,imL
0.7394518329298918,0.5162458653756538,1.0,0.894518329298918,0.42320596755423806,0.5438371694907573,0.41392020435716853,imL
0.7058023235809014,0.40856743545888485,1.0,0.558023235809015,0.4972348881220167,0.7793837349336894,0.7773349053262637,imL
0.7000610785085972,0.39019545122751126,1.0,0.5006107850859727,0.509865627281086,0.8195724504398191,0.8393403521071495,imL
0.7230597441589146,0.4637911813085267,1.0,0.7305974415891459,0.4592685628503879,0.6585817908875978,0.5909547630837224,imL
0.7277472738662671,0.4787912763720549,1.0,0.7774727386626713,0.44895599749421233,0.62576908293613,0.540329442244315,imL
0.7314097727852276,0.49051127291272845,1.0,0.8140977278522763,0.44089849987249924,0.6001315905034066,0.5007744539195416,imL
0.7189490106008142,0.4506368339226055,1.0,0.6894901060081422,0.46831217667820874,0.6873569257943004,0.6353506855112064,imL
0.7426436827924354,0.5264597849357935,1.0,0.9264368279243543,0.41618389785664206,0.521494220452952,0.37944822584169724,imL
0.7348096569211441,0.5013909021476612,1.0,0.848096569211441,0.43341875477348296,0.5763324015519912,0.4640557052516435,imL
0.7256510814690856,0.4720834607010742,1.0,0.7565108146908568,0.4535676207680115,0.6404424297164002,0.5629683201338745,imL
0.7234267042011813,0.46496545344378026,1.0,0.7342670420118131,0.45846125075740113,0.6560130705917308,0.5869915946272417,imL
0.7235304784106225,0.4652975309139922,1.0,0.7353047841062254,0.45823294749663046,0.6552866511256422,0.5858708331652765,imL
0.7091656624604108,0.41933011987331476,1.0,0.5916566246041085,0.48983554258709616,0.755840362777124,0.7410108454275628,imL
0.7274747471279334,0.4779191908093867,1.0,0.7747474712793334,0.44955555631854666,0.6276767701044665,0.5432727310183199,imL
0.7368653722922247,0.5079691913351191,1.0,0.868653722922247,0.4288961809571057,0.561942393954427,0.44185397924397324,imL
0.7068248911745247,0.41183965175847936,1.0,0.5682489117452478,0.4949852394160455,0.7722257617783265,0.7662911753151322,imL
0.7170577465031934,0.4445847888102189,1.0,0.670577465031934,0.47247295769297454,0.7005957744776461,0.6557763377655111,imL
0.7305382559015348,0.4877224188849112,1.0,0.8053825590153474,0.4428158370166236,0.6062322086892568,0.5101868362634248,imL
0.7024328993056833,0.3977852777781867,1.0,0.5243289930568333,0.5046476215274966,0.8029697048602166,0.8137246874986199,imL
0.7339208485258629,0.4985467152827614,1.0,0.8392084852586292,0.4353741332431016,0.5825540603189595,0.4736548359206804,imL
0.7336906442459544,0.49781006158705415,1.0,0.8369064424595442,0.4358805826589003,0.5841654902783191,0.47614104214369224,imL
0.7196397796503265,0.452847294881045,1.0,0.6963977965032657,0.4667924847692816,0.682521542447714,0.627890379776473,imL
0.7466153463216876,0.5391691082294001,1.0,0.9661534632168752,0.40744623809228747,0.4936925757481873,0.3365542597257747,imL
0.7406888009807263,0.5202041631383242,1.0,0.906888009807263,0.42048463784240214,0.5351783931349159,0.40056094940815584,imL
0.7158494288994065,0.44071817247810086,1.0,0.658494288994065,0.4751312564213057,0.7090539977041544,0.6688261678864097,imL
0.7489419752627683,0.5466143208408585,1.0,0.9894197526276827,0.4023276544219098,0.4774061731606221,0.31142666716210265,imL
0.7497588445648075,0.549228302607384,1.0,0.9975884456480747,0.4005305419574236,0.4716880880463477,0.3026044787000792,imL
0.7342109248512009,0.49947495952384274,1.0,0.8421092485120085,0.43473596532735814,0.580523526041594,0.4705220116070307,imL
0.7352191170537598,0.5027011745720312,1.0,0.8521911705375975,0.4325179424817286,0.5734661806236817,0.4596335358193947,imL
0.722648728067321,0.462475929815427,1.0,0.7264872806732094,0.46017279825189394,0.6614589035287534,0.5953937368729338,imL
0.7139378044750447,0.43460097432014316,1.0,0.6393780447504473,0.4793368301549016,0.7224353686746868,0.6894717116695168,imL
0.7386934523641258,0.5138190475652025,1.0,0.8869345236412578,0.4248744047989233,0.5491458334511196,0.4221107144674416,imL
0.7138326272068509,0.4342644070619231,1.0,0.6383262720685096,0.4795682201449279,0.7231716095520433,0.6906076261660097,imL
0.7450603723399585,0.534193191487867,1.0,0.9506037233995845,0.4108671808520914,0.5045773936202909,0.35334797872844864,imL
0.7449214936717646,0.533748779749647,1.0,0.9492149367176468,0.41117271392211774,0.5055495442976472,0.35484786834494136,imL
0.701721211642542,0.39550787725613434,1.0,0.5172121164254198,0.5062133343864077,0.8079515185022061,0.8214109142605467,imL
0.7439759020728315,0.530722886633061,1.0,0.9397590207283153,0.41325301543977067,0.5121686854901792,0.3650602576134194,imL
0.7223429403967259,0.461497409269523,1.0,0.7234294039672592,0.460845531127203,0.6635994172229185,0.59869624371536,imL
0.7399165828553855,0.5177330651372337,1.0,0.8991658285538553,0.4221835177181519,0.5405839200123013,0.4089009051618363,imL
0.7235365750001826,0.4653170400005846,1.0,0.7353657500018267,0.4582195349995981,0.6552439749987212,0.5858049899980271,imL
0.7239339796790876,0.4665887349730804,1.0,0.7393397967908762,0.45734524470600724,0.6524621422463865,0.5815130194658537,imL
0.7139686855452917,0.4346997937449337,1.0,0.6396868554529178,0.4792688918003581,0.7222192011829576,0.6891381961108488,imL
0.7251399831484254,0.47044794607496154,1.0,0.7513998314842547,0.45469203707346395,0.6440201179610217,0.5684881819970049,imL
0.7324639455611296,0.49388462579561465,1.0,0.8246394556112957,0.43857931976551495,0.5927523810720929,0.4893893879398006,imL
0.7101036525770598,0.4223316882465914,1.0,0.6010365257705981,0.48777196433046843,0.7492744319605813,0.7308805521677542,imL
0.706759773337979,0.4116312746815331,1.0,0.5675977333797909,0.49512849865644604,0.7726815866341463,0.7669944479498259,imL
0.7285393879248234,0.4813260413594352,1.0,0.7853938792482349,0.44721334656538836,0.6202242845262356,0.5317746104119063,imL
0.7229111816841519,0.4633157813892864,1.0,0.7291118168415199,0.4595954002948656,0.659621728210936,0.5925592378111585,imL
0.748908810024313,0.5465081920778018,1.0,0.9890881002431303,0.40240061794651133,0.47763832982980875,0.31178485173741927,imL
0.7009556323880362,0.3930580236417157,1.0,0.5095563238803617,0.5078976087463205,0.8133105732837468,0.8296791702092094,imL
0.7037930444728487,0.4021377423131162,1.0,0.5379304447284882,0.5016553021597326,0.7934486886900582,0.7990351196932328,imL
0.7062725333944576,0.4100721068622645,1.0,0.5627253339445764,0.4962004265321932,0.7760922662387966,0.7722566393398576,imL
0.7476691982621054,0.5425414344387376,1.0,0.9766919826210547,0.40512776382336796,0.48631561216526165,0.3251726587692608,imL
0.7309138282107148,0.48892425027428743,1.0,0.8091382821071482,0.4419895779364274,0.6036032025249962,0.5061306553242799,imL
0.7453293795514871,0.5350540145647591,1.0,0.9532937955148719,0.41027536498672823,0.5026943431395897,0.35044270084393836,imL
0.7451939010242389,0.5346204832775643,1.0,0.9519390102423884,0.41057341774667455,0.503642692830328,0.3519058689382205,imL
0.7417870456619376,0.5237185461182007,1.0,0.917870456619377,0.4180684995437371,0.527490680366436,0.3886999068510728,imL
0.7094216768281569,0.4201493658501024,1.0,0.5942167682815698,0.4892723109780547,0.754048262202901,0.7382458902559046,imL
0.7447081752192554,0.5330661607016174,1.0,0.9470817521925541,0.4116420145176381,0.5070427734652121,0.35715170763204157,imL
0.7349634695267435,0.5018831024855794,1.0,0.8496346952674358,0.43308036704116415,0.5752557133127949,0.46239452911116935,imL
0.7411033791954547,0.5215308134254548,1.0,0.9110337919545461,0.41957256576999985,0.5322763456318176,0.3960835046890901,imL
0.7440509926698773,0.5309631765436074,1.0,0.9405099266987729,0.41308781612627,0.511643051310859,0.36424927916532523,imL
0.7390314407436662,0.5149006103797321,1.0,0.8903144074366628,0.42413083036393423,0.546779914794336,0.4184604399684042,imL
0.7050253812107434,0.4060812198743792,1.0,0.550253812107435,0.4989441613363643,0.7848223315247955,0.7857258829239703,imL
0.7287968952264762,0.48215006472472377,1.0,0.7879689522647617,0.44664683050175247,0.6184217334146668,0.5289935315540575,imL
0.7167896636729927,0.4437269237535766,1.0,0.6678966367299268,0.4730627399194161,0.7024723542890512,0.658671632331679,imL
0.7316717739153791,0.4913496765292132,1.0,0.816717739153791,0.440322097386166,0.5982975825923462,0.4979448417139057,imL
0.7488252164107208,0.5462406925143065,1.0,0.9882521641072076,0.40258452389641436,0.47822348512495466,0.3126876627642158,imL
0.7499895509451333,0.5499665630244265,1.0,0.9998955094513327,0.40002298792070684,0.4700731433840671,0.30011284979256064,imL
0.7423322387254706,0.525463163921506,1.0,0.9233223872547061,0.4168690748039647,0.5236743289217057,0.3828118217649174,imL
0.7445847205348057,0.5326711057113783,1.0,0.9458472053480571,0.4119136148234274,0.50790695625636,0.3584850182240983,imL
0.7120305828618305,0.42849786515785765,1.0,0.6203058286183051,0.4835327177039729,0.7357859199671863,0.7100697050922306,imL
0.7273881100542345,0.47764195217355054,1.0,0.7738811005423454,0.44974615788068406,0.6282832296203582,0.544208411414267,imL
0.7460642269456521,0.537405526226087,1.0,0.9606422694565214,0.4086587007195653,0.497550411380435,0.34250634898695687,imL
0.7116204485235388,0.42718543527532404,1.0,0.6162044852353876,0.4844350132482147,0.7386568603352286,0.7144991559457814,imL
0.7036559057841019,0.401698898509126,1.0,0.5365590578410186,0.5019570072749759,0.7944086595112869,0.8005162175316998,imL
0.7104031941248473,0.42329022119951165,1.0,0.6040319412484738,0.48711297292533573,0.7471776411260682,0.7276455034516482,imL
0.706051348602605,0.40936431552833624,1.0,0.5605134860260508,0.49668703307426887,0.7776405597817644,0.7746454350918652,imL
0.7366238593586752,0.5071963499477607,1.0,0.866238593586752,0.42942750941091457,0.5636329844892735,0.4444623189263077,imL
0.717188601865079,0.445003525968253,1.0,0.6718860186507906,0.4721850758968261,0.6996797869444465,0.6543630998571461,imL
0.7415153413264642,0.5228490922446857,1.0,0.9151534132646428,0.41866624908177863,0.52939261071475,0.3916343136741858,imL
0.7457604678264323,0.5364334970445835,1.0,0.9576046782643233,0.4093269707818489,0.49967672521497364,0.3457869474745308,imL
0.7433851736083539,0.5288325555467325,1.0,0.9338517360835388,0.41455261806162147,0.5163037847415228,0.3714401250297781,imL
0.724012335943923,0.46683947502055384,1.0,0.7401233594392307,0.4571728609233693,0.6519136483925385,0.5806667718056309,imL
0.7433564171672246,0.5287405349351185,1.0,0.9335641716722451,0.4146158822321061,0.5165050798294283,0.3717506945939752,imL
0.7476375086106436,0.5424400275540596,1.0,0.9763750861064362,0.40519748105658404,0.4865374397254946,0.3255149070050489,imL
0.7313486003218557,0.49031552102993825,1.0,0.8134860032185569,0.4410330792919175,0.6005597977470101,0.5014351165239586,imL
0.72673980768769,0.47556738460060793,1.0,0.7673980768768998,0.45117242308708205,0.6328213461861701,0.5512100769729482,imL
0.7321466203947178,0.49286918526309687,1.0,0.8214662039471775,0.439277435131621,0.5949736572369757,0.49281649973704833,imL
0.7224357379671561,0.4617943614948995,1.0,0.7243573796715609,0.4606413764722566,0.6629498342299074,0.5976940299547142,imL
0.7368125335441765,0.507800107341365,1.0,0.8681253354417655,0.4290124262028116,0.562312265190764,0.4424246377228932,imL
0.7433651423463239,0.5287684555082364,1.0,0.9336514234632385,0.41459668683808754,0.5164440035757331,0.3716564626597024,imL
0.7360736458258216,0.505435666642629,1.0,0.8607364582582155,0.43063797918319263,0.5674844792192492,0.4504046250811273,imL
0.7013950467642134,0.39446414964548304,1.0,0.5139504676421344,0.5069308971187304,0.8102346726505059,0.8249334949464948,imL
0.7009822057296863,0.3931430583349963,1.0,0.5098220572968634,0.50783914739469,0.8131245598921957,0.8293921781193876,imL
0.7164757478260813,0.4427223930434603,1.0,0.6647574782608132,0.4737533547826211,0.7046697652174307,0.6620619234783217,imL
0.7214618176792026,0.45867781657344847,1.0,0.7146181767920263,0.46278400110575424,0.6697672762455815,0.6082123690646115,imL
0.7344099012219838,0.5001116839103482,1.0,0.844099012219838,0.43429821731163565,0.5791306914461134,0.468373066802575,imL
0.7118021227923594,0.4277667929355504,1.0,0.6180212279235949,0.48403532985680914,0.7373851404534835,0.7125370738425174,imL
0.7216359688638628,0.4592351003643612,1.0,0.7163596886386288,0.4624008684995017,0.6685482179529598,0.606331536270281,imL
0.7280128695371845,0.47964118251899057,1.0,0.7801286953718454,0.448371687018194,0.6239099132397082,0.537461008998407,imL
0.7461790554314333,0.5377729773805864,1.0,0.9617905543143324,0.4084060780508469,0.4967466119799673,0.341266201340521,imL
0.7071242958438266,0.41279774670024527,1.0,0.5712429584382663,0.49432654914358143,0.7701299290932135,0.7630576048866723,imL
0.7021434807345877,0.39685913835068054,1.0,0.5214348073458765,0.5052843423839072,0.8049956348578864,0.8168504080664534,imL
0.7127025644685006,0.43064820629920175,1.0,0.6270256446850055,0.4820543581692988,0.7310820487204961,0.7028123037401941,imL
0.7123498063914885,0.4295193804527633,1.0,0.623498063914885,0.48283042593872527,0.7335513552595804,0.7066220909719241,imL
0.8291945307082415,0.5262171874014985,0.48,0.5,0.5309457031496254,0.5426968755910093,0.3916109385835171,imS
0.6759448699945908,0.49835361272628925,0.48,0.5,0.5379115968184277,0.7098783236422646,0.6981102600108184,imS
0.6351732248956591,0.49094058634466525,0.48,0.5,0.5397648534138337,0.7543564819320083,0.7796535502086819,imS
0.7667342085618383,0.5148607651930616,0.48,0.5,0.5337848087017346,0.6108354088416309,0.5165315828763233,imS
0.6453709031275306,0.492794709659551,0.48,0.5,0.5393013225851123,0.7432317420426939,0.7592581937449387,imS
0.6391216468267389,0.49165848124122524,0.48,0.5,0.5395853796896938,0.7500491125526485,0.7717567063465224,imS
0.744494833167438,0.5108172423940797,0.48,0.5,0.5347956894014801,0.6350965456355221,0.5610103336651239,imS
0.66480880950954,0.49632887445628,0.48,0.5,0.53841778138593,0.72202675326232,0.72038238098092,imS
0.838000705983597,0.5278183101788358,0.48,0.5,0.5305454224552911,0.5330901389269851,0.373998588032806,imS
0.6408696599588944,0.49197630181070806,0.48,0.5,0.539505924547323,0.7481421891357515,0.768260680082211,imS
0.6523205471452009,0.49405828129912743,0.48,0.5,0.5389854296752182,0.7356503122052354,0.7453589057095983,imS
0.7308157699752361,0.5083301399954975,0.48,0.5,0.5354174650011256,0.6500191600270151,0.5883684600495277,imS
0.8466807267927782,0.5293964957805052,0.48,0.5,0.5301508760548738,0.5236210253169692,0.35663854641444354,imS
0.6445902478732244,0.49265277234058624,0.48,0.5,0.5393368069148534,0.7440833659564825,0.7608195042535513,imS
0.6737480332226533,0.49795418785866424,0.48,0.5,0.5380114530353339,0.7122748728480146,0.7025039335546935,imS
0.8158549776275348,0.5237918141140973,0.48,0.5,0.5315520464714757,0.5572491153154165,0.41829004474493037,imS
0.6809097061549183,0.4992563102099851,0.48,0.5,0.5376859224475038,0.7044621387400891,0.6881805876901634,imS
0.8261690525566163,0.5256671004648393,0.48,0.5,0.5310832248837902,0.5459973972109641,0.39766189488676734,imS
0.7408639403831733,0.5101570800696679,0.48,0.5,0.534960729982583,0.6390575195819929,0.5682721192336535,imS
0.7704224397901532,0.5155313526891188,0.48,0.5,0.5336171618277203,0.6068118838652874,0.5091551204196935,imS
0.7155113631196452,0.5055475205672082,0.48,0.5,0.536113119858198,0.6667148765967505,0.6189772737607094,imS
0.6640020224651824,0.4961821859027604,0.48,0.5,0.5384544535243099,0.7229068845834374,0.7219959550696353,imS
0.7086178358233632,0.5042941519678842,0.48,0.5,0.536426462008029,0.6742350881926947,0.6327643283532736,imS
0.6733324746717726,0.4978786317585041,0.48,0.5,0.538030342060374,0.7127282094489753,0.7033350506564549,imS
0.634341302647969,0.49078932775417616,0.48,0.5,0.539802668061456,0.755264033474943,0.7813173947040621,imS
0.7370821810454277,0.5094694874628051,0.48,0.5,0.5351326281342987,0.6431830752231699,0.5758356379091447,imS
0.7237890203802853,0.5070525491600519,0.48,0.5,0.5357368627099871,0.6576847050396888,0.6024219592394293,imS
0.780907075040218,0.5174376500073123,0.48,0.5,0.533140587498172,0.5953740999561259,0.48818584991956415,imS
0.8409602857724581,0.5283564155949924,0.48,0.5,0.5304108961012519,0.5298615064300457,0.3680794284550838,imS
0.8259026663282536,0.525618666605137,0.48,0.5,0.5310953333487157,0.5462880003691779,0.3981946673434928,imS
0.6306241153188896,0.4901134755125254,0.48,0.5,0.5399716311218686,0.7593191469248477,0.7887517693622207,imS
0.7856566007811744,0.5183012001420317,0.48,0.5,0.5329246999644921,0.5901927991478098,0.4786867984376513,imS
0.8098652880148206,0.5227027796390583,0.48,0.5,0.5318243050902355,0.5637833221656502,0.4302694239703587,imS
0.7091824395495225,0.5043968071908222,0.48,0.5,0.5364007982022945,0.6736191568550663,0.631635120900955,imS
0.706820811915624,0.5039674203482952,0.48,0.5,0.5365081449129262,0.6761954779102284,0.6363583761687521,imS
0.6381814941495192,0.49148754439082165,0.48,0.5,0.5396281139022946,0.7510747336550699,0.7736370117009617,imS
0.8066557669015645,0.522119230345739,0.48,0.5,0.5319701924135652,0.5672846179255661,0.4366884661968711,imS
0.742382651299761,0.5104332093272292,0.48,0.5,0.5348916976681927,0.6374007440366244,0.565234697400478,imS
0.7247076406098188,0.5072195710199671,0.48,0.5,0.5356951072450082,0.6566825738801976,0.6005847187803622,imS
0.6398392795080101,0.4917889599105473,0.48,0.5,0.5395527600223632,0.7492662405367163,0.7703214409839799,imS
0.8472669887172855,0.5295030888576883,0.48,0.5,0.530124227785578,0.5229814668538704,0.35546602256542903,imS
0.6429526590960659,0.4923550289265574,0.48,0.5,0.5394112427683607,0.7458698264406555,0.7640946818078683,imS
0.6985149881814068,0.5024572705784376,0.48,0.5,0.5368856823553906,0.6852563765293744,0.6529700236371865,imS
0.8172799719445507,0.5240509039899184,0.48,0.5,0.5314872740025205,0.5556945760604902,0.4154400561108986,imS
0.7761383786059957,0.5165706142919992,0.48,0.5,0.5333573464270003,0.6005763142480047,0.4977232427880087,imS
0.7209776575119854,0.5065413922749065,0.48,0.5,0.5358646519312734,0.6607516463505614,0.6080446849760293,imS
0.6401906518746266,0.49185284579538663,0.48,0.5,0.5395367885511534,0.7488829252276801,0.7696186962507467,imS
0.8486013636687423,0.5297457024852259,0.48,0.5,0.5300635743786936,0.5215257850886448,0.3527972726625155,imS
0.6680572941760058,0.496919508032001,0.48,0.5,0.5382701229919997,0.7184829518079937,0.7138854116479885,imS
0.7648501970189701,0.5145182176398128,0.48,0.5,0.5338704455900468,0.6128906941611236,0.5202996059620598,imS
0.8361396020304953,0.5274799276419083,0.48,0.5,0.5306300180895229,0.5351204341485506,0.3777207959390093,imS
0.6570637597880844,0.49492068359783353,0.48,0.5,0.5387698291005416,0.7304758984129989,0.7358724804238314,imS
0.6754075463848483,0.49825591752451787,0.48,0.5,0.5379360206188706,0.7104644948528926,0.6991849072303032,imS
0.7454318753748039,0.5109876137045098,0.48,0.5,0.5347530965738726,0.6340743177729411,0.5591362492503921,imS
0.7412685618425846,0.5102306476077426,0.48,0.5,0.5349423380980644,0.638616114353544,0.5674628763148308,imS
0.8348768015417618,0.5272503275530477,0.48,0.5,0.5306874181117381,0.5364980346817144,0.3802463969164763,imS
0.7104254516492524,0.5046228093907732,0.48,0.5,0.5363442976523067,0.672263143655361,0.6291490967014952,imS
0.7367609727654656,0.5094110859573574,0.48,0.5,0.5351472285106607,0.6435334842558558,0.5764780544690689,imS
0.6834341035445665,0.49971529155355754,0.48,0.5,0.5375711771116106,0.7017082506786547,0.6831317929108671,imS
0.7425962923098162,0.5104720531472393,0.48,0.5,0.5348819867131902,0.6371676811165642,0.5648074153803677,imS
0.6340034941626785,0.4907279080295779,0.48,0.5,0.5398180229926055,0.7556325518225324,0.781993011674643,imS
0.8190671804330953,0.5243758509878356,0.48,0.5,0.5314060372530411,0.5537448940729869,0.41186563913380925,imS
0.8127593390568749,0.5232289707376137,0.48,0.5,0.5316927573155966,0.5606261755743183,0.42448132188625004,imS
0.8297531204329766,0.5263187491696322,0.48,0.5,0.530920312707592,0.5420875049822074,0.3904937591340467,imS
0.7359998566421978,0.5092727012076723,0.48,0.5,0.535181824698082,0.644363792753966,0.5780002867156043,imS
0.7357261087840915,0.5092229288698349,0.48,0.5,0.5351942677825413,0.6446624267809911,0.5785477824318169,imS
0.7871635926786649,0.5185751986688482,0.48,0.5,0.532856200332788,0.588548807986911,0.4756728146426702,imS
0.7911389496982225,0.5192979908542222,0.48,0.5,0.5326755022864444,0.5842120548746664,0.467722100603555,imS
0.8309747995057113,0.5265408726374021,0.48,0.5,0.5308647818406496,0.5407547641755877,0.38805040098857724,imS
0.7388590027746365,0.5097925459590248,0.48,0.5,0.5350518635102438,0.6412447242458511,0.572281994450727,imS
0.8210977266002006,0.5247450412000365,0.48,0.5,0.5313137396999909,0.5515297527997811,0.40780454679959854,imS
0.6425646797600311,0.49228448722909657,0.48,0.5,0.5394288781927259,0.7462930766254207,0.7648706404799379,imS
0.7005958333440034,0.5028356060625461,0.48,0.5,0.5367910984843635,0.6829863636247235,0.6488083333119932,imS
0.6839841645460671,0.4998153026447395,0.48,0.5,0.5375461743388151,0.7011081841315632,0.6820316709078658,imS
0.7708708960574369,0.5156128901922613,0.48,0.5,0.5335967774519347,0.6063226588464325,0.5082582078851262,imS
0.7556667233967109,0.5128484951630383,0.48,0.5,0.5342878762092405,0.6229090290217698,0.538666553206578,imS
0.7117514506708394,0.5048639001219708,0.48,0.5,0.5362840249695073,0.6708165992681752,0.626497098658321,imS
0.7763993245667581,0.5166180590121379,0.48,0.5,0.5333454852469656,0.600291645927173,0.49720135086648376,imS
0.8304590412328718,0.5264470984059767,0.48,0.5,0.5308882253985059,0.5413174095641398,0.3890819175342563,imS
0.7690824655938123,0.5152877210170568,0.48,0.5,0.5336780697457358,0.6082736738976593,0.5118350688123754,imS
0.6848906501498514,0.4999801182090639,0.48,0.5,0.537504970447734,0.7001192907456166,0.6802186997002971,imS
0.674942439868353,0.4981713527033369,0.48,0.5,0.5379571618241658,0.7109718837799786,0.700115120263294,imS
0.7604533333124798,0.5137187878749964,0.48,0.5,0.5340703030312509,0.617687272750022,0.5290933333750404,imS
0.6477880436848222,0.49323418976087674,0.48,0.5,0.5391914525597808,0.7405948614347394,0.7544239126303556,imS
0.7649652730571362,0.5145391405558429,0.48,0.5,0.5338652148610393,0.6127651566649424,0.5200694538857276,imS
0.6676798266032454,0.49685087756422647,0.48,0.5,0.5382872806089434,0.7188947346146414,0.7146403467935091,imS
0.6731520564892248,0.49784582845258635,0.48,0.5,0.5380385428868535,0.712925029284482,0.7036958870215503,imS
0.8175925190573594,0.5241077307377018,0.48,0.5,0.5314730673155746,0.5553536155737898,0.4148149618852813,imS
0.801426688772938,0.521168488867807,0.48,0.5,0.5322078777830483,0.5729890667931585,0.4471466224541239,imS
0.6437736885984603,0.4925043070179019,0.48,0.5,0.5393739232455246,0.7449741578925887,0.7624526228030793,imS
0.676239126775991,0.49840711395927106,0.48,0.5,0.5378982215101823,0.7095573162443735,0.697521746448018,imS
0.6697385958561436,0.49722519924657155,0.48,0.5,0.5381937001883571,0.7166488045205706,0.7105228082877127,imS
0.7983817612699731,0.5206148656854497,0.48,0.5,0.5323462835786377,0.5763108058873022,0.45323647746005397,imS
0.7844480197523394,0.518081458136789,0.48,0.5,0.5329796354658027,0.5915112511792662,0.4811039604953214,imS
0.6737851994340921,0.49796094535165314,0.48,0.5,0.5380097636620867,0.7122343278900813,0.7024296011318157,imS
0.7476260211491959,0.5113865492998538,0.48,0.5,0.5346533626750366,0.6316807042008772,0.5547479577016082,imS
0.721860231597886,0.5067018602905248,0.48,0.5,0.5358245349273688,0.6597888382568516,0.606279536804228,imS
0.7277020841195634,0.507764015294466,0.48,0.5,0.5355589961763835,0.6534159082332036,0.5945958317608733,imS
0.8188229981658532,0.5243314542119734,0.48,0.5,0.5314171364470067,0.55401127472816,0.41235400366829345,imS
0.8347465509103262,0.5272266456200594,0.48,0.5,0.5306933385949852,0.5366401262796441,0.38050689817934735,imS
0.6759359901887707,0.4983519982161401,0.48,0.5,0.537912000445965,0.7098880107031592,0.6981280196224585,imS
0.7044683927374633,0.5035397077704479,0.48,0.5,0.5366150730573881,0.6787617533773127,0.6410632145250733,imS
0.7938063768196378,0.5197829776035705,0.48,0.5,0.5325542555991074,0.5813021343785769,0.4623872463607243,imS
0.7103762940901552,0.5046138716527555,0.48,0.5,0.5363465320868112,0.6723167700834669,0.6292474118196895,imS
0.6689751742358028,0.4970863953156005,0.48,0.5,0.5382284011710999,0.7174816281063969,0.7120496515283944,imS
0.7193900040355015,0.5062527280064548,0.48,0.5,0.5359368179983863,0.6624836319612712,0.6112199919289971,imS
0.800085277972971,0.5209245959950857,0.48,0.5,0.5322688510012286,0.5744524240294862,0.4498294440540578,imS
0.8491190889827929,0.5298398343605079,0.48,0.5,0.530040041409873,0.5209609938369533,0.3517618220344143,imS
0.7907658219774265,0.5192301494504412,0.48,0.5,0.5326924626373898,0.5846191032973529,0.46846835604514686,imS
0.673841709603409,0.49797121992789256,0.48,0.5,0.5380071950180269,0.7121726804326448,0.702316580793182,imS
0.6355145209046942,0.49100264016448986,0.48,0.5,0.5397493399588775,0.7539841590130609,0.7789709581906117,imS
0.7025407492952652,0.5031892271445937,0.48,0.5,0.5367026932138517,0.6808646371324379,0.6449185014094696,imS
0.6387340232788553,0.49158800423251914,0.48,0.5,0.5396029989418702,0.7504719746048851,0.7725319534422894,imS
0.7538869329271621,0.5125248968958477,0.48,0.5,0.5343687757760381,0.624850618624914,0.5422261341456757,imS
0.6386430322216375,0.49157146040393407,0.48,0.5,0.5396071348990165,0.7505712375763954,0.7727139355567251,imS
0.6688721324104088,0.4970676604382561,0.48,0.5,0.538233084890436,0.7175940373704632,0.7122557351791825,imS
0.8480607904707039,0.529647416449219,0.48,0.5,0.5300881458876953,0.5221155013046866,0.3538784190585921,imS
0.7029883005122598,0.5032706000931382,0.48,0.5,0.5366823499767155,0.6803763994411711,0.6440233989754803,imS
0.7192854323433737,0.5062337149715225,0.48,0.5,0.5359415712571194,0.6625977101708651,0.6114291353132526,imS
0.6725775178507213,0.4977413668819493,0.48,0.5,0.5380646582795127,0.7135517987083041,0.7048449642985575,imS
0.6842834802753457,0.4998697236864265,0.48,0.5,0.5375325690783934,0.700781657881441,0.6814330394493086,imS
0.6973880139923152,0.5022523661804209,0.48,0.5,0.5369369084548948,0.6864858029174744,0.6552239720153697,imS
0.6847847188477425,0.4999608579723168,0.48,0.5,0.5375097855069209,0.700234852166099,0.680430562304515,imS
0.6523432527992906,0.494062409599871,0.48,0.5,0.5389843976000323,0.7356255424007739,0.7453134944014188,imS
0.7844901448836069,0.5180891172515649,0.48,0.5,0.5329777206871088,0.5914652964906106,0.48101971023278617,imS
0.8195939440124788,0.524471626184087,0.48,0.5,0.5313820934539782,0.5531702428954777,0.41081211197504236,imS
0.6686766501829898,0.4970321182150891,0.48,0.5,0.5382419704462278,0.7178072907094656,0.7126466996340203,imS
0.8378861403028328,0.5277974800550606,0.48,0.5,0.5305506299862349,0.533215119669637,0.3742277193943344,imS
0.7887072388450703,0.5188558616081946,0.48,0.5,0.5327860345979514,0.5868648303508324,0.47258552230985934,imS
0.7067101102731447,0.5039472927769354,0.48,0.5,0.5365131768057662,0.6763162433383877,0.6365797794537107,imS
0.7368067783678485,0.5094194142486997,0.48,0.5,0.5351451464378251,0.6434835145078016,0.576386443264303,imS
0.8122665975702692,0.5231393813764126,0.48,0.5,0.5317151546558969,0.5611637117415245,0.42546680485946153,imS
0.6832625727461985,0.49968410413567244,0.48,0.5,0.5375789739660819,0.7018953751859653,0.683474854507603,imS
0.7946734484655653,0.5199406269937391,0.48,0.5,0.5325148432515653,0.5803562380375651,0.4606531030688694,imS
0.7605141393663197,0.513729843521149,0.48,0.5,0.5340675391197127,0.6176209388731058,0.5289717212673605,imS
0.7195539093928304,0.5062825289805146,0.48,0.5,0.5359293677548714,0.6623048261169124,0.6108921812143393,imS
0.6596427404649712,0.4953895891754493,0.48,0.5,0.5386526027061377,0.7276624649473041,0.7307145190700577,imS
0.8455153081771976,0.5291846014867632,0.48,0.5,0.5302038496283092,0.5248923910794209,0.35896938364560493,imS
0.7544554837966109,0.512628269781202,0.48,0.5,0.5343429325546996,0.6242303813127882,0.5410890324067783,imS
0.7487334573935549,0.5115879013442827,0.48,0.5,0.5346030246639294,0.6304725919343037,0.5525330852128902,imS
0.6766760572469013,0.49,1.0,0.5,0.6067042289876049,0.5516619713765495,0.2932957710123952,omL
0.6659593831938388,0.525756299163033,1.0,0.5,0.6115125983260661,0.5719187663876777,0.24081233612322325,omL
0.6760340941840571,0.4803795434895657,1.0,0.5,0.5335863623263771,0.5696204565104344,0.3407590869791314,omL
0.7432071718436344,0.5505143067953704,1.0,0.5,0.41140709805983783,0.5448714233011575,0.09524990777025433,omL
0.6753786171089999,0.49,1.0,0.5,0.6015144684359995,0.5523106914455002,0.2984855315640005,omL
0.6783346538643226,0.5033342937195072,1.0,0.5,0.5116646258460471,0.5566664265701232,0.30166246497715565,omL
0.7672608100352312,0.5680078618438044,1.0,0.5,0.37423329358191554,0.5404980345390489,0.018715604433355515,omL
0.6886503656485066,0.47280978061089607,1.0,0.5,0.5285398537405974,0.577190219389104,0.3256195612217921,omL
0.6912453318013784,0.471252800919173,1.0,0.5,0.5275018672794487,0.5787471990808271,0.32250560183834587,omL
0.6613904765066071,0.49,1.0,0.5,0.5455619060264284,0.5593047617466965,0.3544380939735716,omL
0.7312782605978088,0.5418387349802245,1.0,0.5,0.4298426881670228,0.5470403162549439,0.1332055344615175,omL
0.6671353012901126,0.5328118077406752,1.0,0.5,0.6256236154813504,0.574270602580225,0.21729397419774954,omL
0.7595824097011326,0.5624235706917328,1.0,0.5,0.3860999122800679,0.5418941073270669,0.04314687822366914,omL
0.6629183235234585,0.5075099411407509,1.0,0.5,0.5750198822815017,0.5658366470469169,0.30163352953083045,omL
0.6904438436434562,0.5121409771952409,1.0,0.5,0.4929504234601132,0.5544647557011898,0.2631332247708212,omL
0.6771433584500741,0.47971398492995554,1.0,0.5,0.5331426566199704,0.5702860150700445,0.339427969859911,omL
0.6653812122841645,0.49,1.0,0.5,0.5615248491366577,0.5573093938579179,0.33847515086334234,omL
0.689339789972469,0.4723961260165186,1.0,0.5,0.5282640840110124,0.5776038739834815,0.32479225203303713,omL
0.6635126483179067,0.5110758899074401,1.0,0.5,0.5821517798148803,0.5670252966358134,0.2897470336418662,omL
0.7002725743419715,0.46583645539481705,1.0,0.5,0.5238909702632114,0.5841635446051829,0.31167291078963405,omL
0.7274698556590097,0.5390689859338251,1.0,0.5,0.4357284048906215,0.5477327535165437,0.1453231865395148,omL
0.6610223381020929,0.49613402861255695,1.0,0.5,0.552268057225114,0.5620446762041857,0.3395532379581434,omL
0.6683035262027028,0.5398211572162165,1.0,0.5,0.639642314432433,0.5766070524054054,0.19392947594594503,omL
0.6903226021119173,0.5120528015359398,1.0,0.5,0.4931377967361279,0.5544867996160151,0.2635189932802633,omL
0.6672881709923827,0.49,1.0,0.5,0.5691526839695306,0.5563559145038087,0.33084731603046946,omL
0.6648603829772601,0.5191622978635608,1.0,0.5,0.5983245957271216,0.5697207659545203,0.2627923404547973,omL
0.6651736005155082,0.49376261855673326,1.0,0.5,0.5320044355669419,0.5590593453608167,0.34353854381429194,omL
0.7297053916925835,0.5406948303218789,1.0,0.5,0.4322734855660073,0.5473262924195303,0.13821011734177968,omL
0.6668636359150655,0.5311818154903925,1.0,0.5,0.622363630980785,0.5737272718301308,0.22272728169869188,omL
0.6821396659588923,0.5061015752428307,1.0,0.5,0.5057841526089847,0.5559746061892924,0.28955560831261545,omL
0.6696785323739199,0.4970389326355781,1.0,0.5,0.5250422681493966,0.5582402668411055,0.3292046697193458,omL
0.6791442291797726,0.49,1.0,0.5,0.6165769167190902,0.5504278854101138,0.28342308328090976,omL
0.6644611311005172,0.5167667866031028,1.0,0.5,0.5935335732062056,0.5689222622010343,0.27077737798965745,omL
0.6786520137803391,0.49,1.0,0.5,0.6146080551213563,0.5506739931098306,0.2853919448786437,omL
0.6669896245698637,0.5319377474191818,1.0,0.5,0.6238754948383636,0.5739792491397272,0.22020750860272736,omL
0.676395804939729,0.48016251703616264,1.0,0.5,0.5334416780241085,0.5698374829638374,0.34032503407232534,omL
0.6643733053682245,0.49,1.0,0.5,0.5574932214728979,0.5578133473158878,0.3425067785271021,omL
0.6666954455563933,0.49,1.0,0.5,0.5667817822255731,0.5566522772218034,0.333218217774427,omL
0.6630887206409227,0.49,1.0,0.5,0.5523548825636907,0.5584556396795387,0.3476451174363093,omL
0.6640702749306736,0.5144216495840412,1.0,0.5,0.5888432991680824,0.5681405498613471,0.27859450138652925,omL
0.66364337462821,0.49,1.0,0.5,0.55457349851284,0.558178312685895,0.3454265014871601,omL
0.6690720206128719,0.49,1.0,0.5,0.5762880824514872,0.5554639896935641,0.32371191754851286,omL
0.7257104015174358,0.5377893829217715,1.0,0.5,0.4384475612912355,0.5480526542695572,0.15092144971724955,omL
0.746089963340935,0.5526108824297709,1.0,0.5,0.4069518748367368,0.5443472793925573,0.08607738936975218,omL
0.70630783507851,0.462215298952894,1.0,0.5,0.521476865968596,0.587784701047106,0.3044305979057879,omL
0.6612855780672939,0.49,1.0,0.5,0.5451423122691758,0.559357210966353,0.3548576877308243,omL
0.664849947402348,0.49,1.0,0.5,0.5593997896093922,0.557575026298826,0.34060021039060784,omL
0.6617286819066633,0.5003720914399795,1.0,0.5,0.5607441828799591,0.5634573638133266,0.32542636186673485,omL
0.6963316985048116,0.5164230534580447,1.0,0.5,0.483851011401655,0.5533942366354888,0.24439914112105432,omL
0.6675714650083251,0.5354287900499504,1.0,0.5,0.6308575800999008,0.5751429300166501,0.20857069983349874,omL
0.691051340610042,0.4713691956339748,1.0,0.5,0.5275794637559832,0.5786308043660252,0.32273839126794956,omL
0.6629615488883572,0.5077692933301432,1.0,0.5,0.5755385866602863,0.5659230977767145,0.3007690222328561,omL
0.6667753240669645,0.4859348055598213,1.0,0.5,0.5372898703732143,0.5640651944401788,0.35186961111964266,omL
0.6940567168593998,0.4695659698843601,1.0,0.5,0.52637731325624,0.5804340301156399,0.3191319397687201,omL
0.6944270415011362,0.4693437750993183,1.0,0.5,0.5262291833995455,0.5806562249006817,0.31868755019863654,omL
0.662789168157734,0.4883264991053596,1.0,0.5,0.5388843327369064,0.5616735008946405,0.35665299821071916,omL
0.6654873702188577,0.49,1.0,0.5,0.5619494808754307,0.5572563148905713,0.3380505191245693,omL
0.663336381845197,0.5100182910711824,1.0,0.5,0.5800365821423648,0.5666727636903941,0.29327236309605875,omL
0.6998685841596837,0.5189953339343154,1.0,0.5,0.4783849153895798,0.5527511665164212,0.23314541403737013,omL
0.6872099032188892,0.47367405806866647,1.0,0.5,0.5291160387124444,0.5763259419313336,0.32734811613733295,omL
0.679197334789111,0.4784815991265334,1.0,0.5,0.5323210660843556,0.5715184008734666,0.3369631982530667,omL
0.6725016579006607,0.49,1.0,0.5,0.5900066316026427,0.5537491710496697,0.3099933683973574,omL
0.6677097800945141,0.48537413194329154,1.0,0.5,0.5369160879621944,0.5646258680567086,0.35074826388658303,omL
0.6656679603686186,0.5240077622117119,1.0,0.5,0.6080155244234235,0.5713359207372373,0.2466407926276274,omL
0.6653839232938666,0.49,1.0,0.5,0.5615356931754663,0.5573080383530667,0.3384643068245337,omL
0.6615645447980955,0.4993872687885723,1.0,0.5,0.5587745375771447,0.5631290895961908,0.32870910403809234,omL
0.684625716199108,0.4752245702805352,1.0,0.5,0.5301497135203568,0.5747754297194648,0.3304491405610704,omL
0.6936426311697359,0.4698144212981585,1.0,0.5,0.5265429475321057,0.5801855787018415,0.31962884259631696,omL
0.6702095926451708,0.49,1.0,0.5,0.5808383705806829,0.5548952036774147,0.31916162941931714,omL
0.6616854882776941,0.49122580965650475,1.0,0.5,0.5373951544799274,0.5596935475858739,0.3546370827527916,omL
0.7633336068161642,0.5651517140481195,1.0,0.5,0.3803026076477461,0.5412120714879701,0.031211251039477306,omL
0.661991716751981,0.501950300511886,1.0,0.5,0.563900601023772,0.5639834335039621,0.32016566496038,omL
0.6715781537537843,0.4830531077477294,1.0,0.5,0.5353687384984863,0.5669468922522706,0.34610621549545884,omL
0.6623477747996204,0.4885913351202278,1.0,0.5,0.5390608900801519,0.5614086648797723,0.3571826702404556,omL
0.6779286141029548,0.49,1.0,0.5,0.6117144564118192,0.5510356929485226,0.2882855435881808,omL
0.7692801810280148,0.5694764952931015,1.0,0.5,0.3711124475021591,0.5401308761767246,0.012290333092680517,omL
0.7046499950765557,0.46321000295406656,1.0,0.5,0.5221400019693777,0.5867899970459334,0.30642000590813306,omL
0.6699536476577085,0.49,1.0,0.5,0.5798145906308337,0.5550231761711458,0.32018540936916634,omL
0.7311521710385002,0.5417470334825455,1.0,0.5,0.43003755384959075,0.5470632416293637,0.1336067285138633,omL
0.6879537990743756,0.47322772055537465,1.0,0.5,0.5288184803702498,0.5767722794446254,0.3264554411107493,omL
0.6609729284257977,0.4958375705547862,1.0,0.5,0.5516751411095725,0.5619458568515955,0.3405414314840459,omL
0.7042612088060003,0.4634432747163998,1.0,0.5,0.5222955164775999,0.5865567252836001,0.3068865494327996,omL
0.6901479192476782,0.4719112484513931,1.0,0.5,0.5279408323009287,0.578088751548607,0.32382249690278614,omL
0.6687253928868531,0.49,1.0,0.5,0.5749015715474123,0.5556373035565735,0.32509842845258774,omL
0.7536247668326288,0.5580907395146391,1.0,0.5,0.39530717853139197,0.5429773151213403,0.06210301462345402,omL
0.6750651270007508,0.4809609237995495,1.0,0.5,0.5339739491996998,0.5690390762004505,0.34192184759909905,omL
0.6664736688539219,0.49,1.0,0.5,0.5658946754156876,0.5567631655730391,0.33410532458431247,omL
0.6659828179066986,0.5258969074401914,1.0,0.5,0.6117938148803826,0.5719656358133971,0.24034364186602905,omL
0.6610480378641018,0.4893711772815389,1.0,0.5,0.5395807848543593,0.5606288227184612,0.3587423545630778,omL
0.7063376973798082,0.5237001435489514,1.0,0.5,0.4683871949584782,0.5515749641127622,0.21256187197333737,omL
0.6659586562344386,0.49,1.0,0.5,0.5638346249377545,0.5570206718827807,0.3361653750622455,omL
0.6602926622059078,0.4917559732354462,1.0,0.5,0.5435119464708924,0.5605853244118154,0.35414675588184613,omL
0.6660290481790941,0.5261742890745648,1.0,0.5,0.6123485781491295,0.5720580963581883,0.23941903641811757,omL
0.6794083363951319,0.49,1.0,0.5,0.6176333455805274,0.5502958318024341,0.28236665441947256,omL
0.6712460203785934,0.49,1.0,0.5,0.5849840815143732,0.5543769898107034,0.31501591848562677,omL
0.7361027378132065,0.5453474456823318,1.0,0.5,0.42238667792504464,0.546163138579417,0.11785492513979781,omL
0.7040818803558447,0.5220595493497052,1.0,0.5,0.47187345763187644,0.5519851126625738,0.21973947159503965,omL
0.6634074141410385,0.5104444848462314,1.0,0.5,0.5808889696924627,0.5668148282820772,0.29185171717922886,omL
0.6613230768660455,0.49793846119627283,1.0,0.5,0.5558769223925457,0.562646153732091,0.3335384626790905,omL
0.661583570623253,0.4995014237395181,1.0,0.5,0.5590028474790362,0.563167141246506,0.32832858753493965,omL
0.6678341824397841,0.5370050946387042,1.0,0.5,0.6340101892774084,0.5756683648795681,0.2033163512043194,omL
0.661810383387955,0.5008623003277294,1.0,0.5,0.5617246006554587,0.5636207667759098,0.3237923322409022,omL
0.6620639764894246,0.4887616141063453,1.0,0.5,0.5391744094042302,0.5612383858936548,0.3575232282126905,omL
0.6601510281433198,0.49090616885991867,1.0,0.5,0.5418123377198374,0.5603020562866396,0.3569794371336043,omL
0.6876685382708315,0.5101225732878775,1.0,0.5,0.49723953176326047,0.5549693566780307,0.2719637418655362,omL
0.7186069188745058,0.5326232137269132,1.0,0.5,0.4494256708303092,0.5493441965682717,0.17352343994475425,omL
0.6744208207414103,0.4813475075551538,1.0,0.5,0.5342316717034359,0.5686524924448462,0.34269501511030764,omL
0.6676850937948109,0.5361105627688653,1.0,0.5,0.6322211255377305,0.5753701875896218,0.20629812410378257,omL
0.734295557735413,0.5440331328984821,1.0,0.5,0.42517959259072546,0.5464917167753796,0.12360504356914057,omL
0.6647262344047769,0.49,1.0,0.5,0.5589049376191072,0.5576368827976117,0.3410950623808928,omL
0.6706614913808273,0.49,1.0,0.5,0.582645965523309,0.5546692543095865,0.31735403447669097,omL
0.7238741925489409,0.5364539582174116,1.0,0.5,0.44128533878800036,0.5483865104456471,0.15676393279882428,omL
0.6759147562268703,0.49,1.0,0.5,0.6036590249074808,0.5520426218865649,0.2963409750925192,omL
0.6866708246705033,0.473997505197698,1.0,0.5,0.5293316701317987,0.576002494802302,0.3279950103953959,omL
0.6694430591374012,0.5466583548244067,1.0,0.5,0.6533167096488135,0.5788861182748022,0.1711388172519776,omL
0.675308985567921,0.49,1.0,0.5,0.6012359422716838,0.5523455072160396,0.29876405772831627,omL
0.6609948597050624,0.4959691582303745,1.0,0.5,0.551938316460749,0.5619897194101249,0.34010280589875164,omL
0.6639709389065529,0.48761743665606827,1.0,0.5,0.5384116244373789,0.5623825633439318,0.35523487331213655,omL
0.6718545690039334,0.49,1.0,0.5,0.5874182760157332,0.5540727154980334,0.31258172398426687,omL
0.6630153535186837,0.49,1.0,0.5,0.5520614140747349,0.5584923232406582,0.3479385859252652,omL
0.6719094430493205,0.4828543341704077,1.0,0.5,0.5352362227802718,0.5671456658295924,0.3457086683408154,omL
0.6616304306130402,0.48902174163217593,1.0,0.5,0.539347827754784,0.5609782583678241,0.35804348326435187,omL
0.6691758015226897,0.49,1.0,0.5,0.5767032060907588,0.5554120992386552,0.3232967939092413,omL
0.6923565346773688,0.5135320252199045,1.0,0.5,0.48999444640770284,0.5541169936950239,0.2570473896629176,omL
0.6726098381807011,0.4991707914041462,1.0,0.5,0.5205120682661892,0.5577073021489635,0.31987778760686025,omL
0.6832338073019577,0.5068973144014238,1.0,0.5,0.5040932068969745,0.5557756713996441,0.28607424949377086,omL
0.6733732174971313,0.49,1.0,0.5,0.5934928699885251,0.5533133912514344,0.30650713001147495,omL
0.6722623978823641,0.49,1.0,0.5,0.5890495915294561,0.5538688010588181,0.31095040847054395,omL
0.7051824628202912,0.4628905223078253,1.0,0.5,0.5219270148718835,0.5871094776921747,0.30578104461565053,omL
0.6839127502424573,0.4756523498545256,1.0,0.5,0.5304348999030171,0.5743476501454744,0.33130469970905113,omL
0.6919555443842503,0.5132403959158184,1.0,0.5,0.49061415867888586,0.5541899010210455,0.2583232678682944,omL
0.664684870159089,0.4934071782975192,1.0,0.5,0.5327597461177718,0.5591482054256203,0.3450935949483535,omL
0.7608356384536031,0.5633350097844386,1.0,0.5,0.38416310420806793,0.5416662475538904,0.03915933219308099,omL
0.6616094065297784,0.49,1.0,0.5,0.5464376261191134,0.5591952967351109,0.3535623738808866,omL
0.6642546494060484,0.5155278964362904,1.0,0.5,0.5910557928725807,0.5685092988120968,0.2749070118790322,omL
0.6851811927068538,0.4748912843758877,1.0,0.5,0.5299275229172585,0.5751087156241124,0.32978256875177536,omL
0.6606507376152394,0.49390442569143655,1.0,0.5,0.5478088513828732,0.5613014752304789,0.3469852476952115,omL
0.6969436835933936,0.5168681335224681,1.0,0.5,0.4829052162647553,0.553282966619383,0.242451915839202,omL
0.644944719319998,0.7271915107333322,0.48,0.5,0.7605616978533336,0.444944719319998,0.30842546780000335,om
0.6532585771358425,0.7939827053882519,0.48,0.5,0.6663793587379528,0.4480775450727401,0.36710348699036227,om
0.637830318105868,0.7232390656143711,0.48,0.5,0.7613521868771258,0.4378303181058679,0.32028280315688673,om
0.6042036388509087,0.7418850943912723,0.48,0.5,0.5401410779752747,0.33347781668945475,0.3439112667578191,om
0.6340653193643788,0.5400988412006179,0.48,0.5,0.6794757207768705,0.5081306387287575,0.351246240847495,om
0.7560596336319667,0.5630298168159833,0.48,0.5,0.8544426616586055,0.5311616971973362,0.21510206356536948,om
0.6631066354215874,0.5624265416863495,0.48,0.5,0.6905821493170372,0.4788357013659256,0.3168933645784126,om
0.7051858298155783,0.5375929149077892,0.48,0.5,0.7611740213285603,0.5354011808487018,0.27021535103312355,om
0.6769508341895574,0.7345902849129776,0.48,0.5,0.8217050051373438,0.4591474974313281,0.2760983316208854,om
0.6798047054534787,0.6292188218139146,0.48,0.5,0.7295443127247835,0.4009113745504329,0.30019529454652133,om
0.654418170709593,0.5276726828383715,0.48,0.5,0.6703090649890501,0.5193818700219,0.32558182929040713,om
0.6504651512055268,0.5176749948911927,0.48,0.5,0.6618606048221074,0.54,0.3309303024110537,om
0.6880777859863503,0.5861555719727007,0.48,0.5,0.7647139114624635,0.3972083025511861,0.2157666420409489,om
0.6588678608272133,0.5277357216544264,0.48,0.5,0.6843866172748364,0.5067455218979505,0.3033964175183604,om
0.6641297329525165,0.7714000596215552,0.48,0.5,0.7094540653338077,0.511740534094967,0.273481068189934,om
0.5865632673966394,0.6298249393619035,0.48,0.5,0.7375337842929963,0.4131265347932787,0.4145823101378142,om
0.6672912483375135,0.5618737450125405,0.48,0.5,0.6772912483375135,0.54,0.2954175033249731,om
0.6992821778659959,0.5992821778659959,0.48,0.5,0.7761881185773306,0.3910313530962218,0.21825082476977414,om
0.540404260030382,0.7997978699848091,0.48,0.5,0.7286325715513154,0.3815695584638755,0.37293698691256005,om
0.5878962856180532,0.7647358095879646,0.48,0.5,0.5615753335578759,0.3422798413233038,0.3422798413233038,om
0.5301316833399943,0.7770720291450186,0.48,0.5,0.7326646041749928,0.3749341583300029,0.39773044584499,om
0.5454411056508196,0.8204077250389717,0.48,0.5,0.7026537916017138,0.3973462083982861,0.3695922749610283,om
0.6357665605792644,0.5784668788414711,0.48,0.5,0.7007055732367892,0.33176393309197316,0.26423343942073557,om
0.5571284624600394,0.689332497004872,0.48,0.5,0.7664105780750493,0.3614357687699803,0.44497480930506894,om
0.6169010040108209,0.8552204685383831,0.48,0.5,0.7264600669340547,0.45752080320865673,0.2960191298572885,om
0.6615040617676977,0.7635365559092788,0.48,0.5,0.7286720823569302,0.48052843237388365,0.3388482264815581,om
0.5923041681082164,0.6355817688512025,0.48,0.5,0.7417338529053107,0.3478859369594189,0.37327760074298627,om
0.6390261911690528,0.5622095293524223,0.48,0.5,0.7087642794785248,0.34168570597136644,0.2619476176618944,om
0.6582960889772316,0.57,0.48,0.5,0.7253330462761668,0.35814782919574095,0.2515556512412777,om
0.6130588517934937,0.7316468892390378,0.48,0.5,0.5293727280254602,0.33,0.3228626791485147,om
0.6407289088508941,0.577532058125905,0.48,0.5,0.700728908850894,0.3341304834883996,0.2597570303830353,om
0.7452826750454503,0.6823144883303034,0.48,0.5,0.7883392100545403,0.4023144883303033,0.2876855116696967,om
0.5929593892937055,0.6847084841848151,0.48,0.5,0.7134981897822192,0.3835424209240753,0.3699557688581439,om
0.7082309109620443,0.6847846059358638,0.48,0.5,0.743877093154453,0.40478460593586374,0.28521539406413626,om
0.668498246999202,0.747747370498803,0.48,0.5,0.7308463186983243,0.47544701989864346,0.2838498246999202,om
0.6689835123339574,0.7218956010005105,0.48,0.5,0.685439556667234,0.45607142366740416,0.23392857633259584,om
0.6499953327586844,0.717993465862158,0.48,0.5,0.7259822644830004,0.4259962662069474,0.27600093344826315,om
0.6679987592184982,0.76,0.5580080650797621,0.5,0.8294989143161858,0.47100217136762823,0.3075038774421933,om
0.6993325217883409,0.7148488537325722,0.5304280788187518,0.5,0.6887279367186302,0.4455163319442313,0.3755163319442313,om
0.6367376143037865,0.7189403134251797,0.8876261209531235,0.5,0.7937713974906854,0.5770337831868989,0.4508468436634607,om
0.6786335890728679,0.838633589072868,0.7079323834436334,0.5,0.6576663013244743,0.5562998903973423,0.39081624652314556,om
0.6168338442775757,0.76,0.890580012195758,0.5,0.7847296137428788,0.5605407725142425,0.46739423663257595,om
0.6042867356936605,0.7214193787570549,0.9256965813098834,0.5,0.7728578237957737,0.5699952334295839,0.48570611445071543,om
0.5811569091130491,0.7717769318043444,0.8775199092348192,0.5,0.7582230681956557,0.5405368864217539,0.48702459094783596,om
0.6298573279642333,0.6181776921698917,0.6118547364649669,0.5,0.7177496760625917,0.3959273682324834,0.32592736823248347,om
0.636541420541896,0.7965414205418961,0.8642747237015289,0.5,0.7177979706544342,0.5743393911963303,0.4599676662525993,om
0.7679702529321386,0.6853465542523829,0.5147526026404883,0.5,0.8259900843107129,0.4126980663494092,0.3053713434756006,om
0.6131399832666832,0.6943000836665838,0.8633441740264944,0.5,0.7410920368132969,0.5768600167333168,0.47006806358660375,om
0.6038944843572456,0.7638944843572456,0.9855347723873736,0.5,0.7644364509182207,0.5883309352754662,0.5136019185559537,om
0.6489166291916814,0.8159047190762073,0.6366193260046525,0.5,0.7490357303464222,0.5550595505773704,0.4151786517321113,om
0.6055363032671355,0.757539420770162,0.9840062350060531,0.5,0.7718454344223785,0.5841561243291348,0.5129258347142158,om
0.6125597091887915,0.8531945309547694,0.48,0.5,0.7261706472792527,0.45404776735103325,0.299781585369714,om
0.6773330335306947,0.8820951524373414,0.48,0.5,0.7132387805012691,0.5031427286560121,0.2541903048746827,om
0.6632192807524172,0.8683759098612865,0.5303710572677584,0.5,0.7338746967129045,0.5087180676040352,0.27615420281210534,om
0.6836935578590125,0.870870961427325,0.48,0.5,0.7596693753611937,0.51825807714535,0.259129038572675,om
0.7443912289341346,0.6493871903041828,0.48,0.5,0.8415868434012018,0.5223173686802404,0.21280438553293274,om
0.5983437250365778,0.7336812150512091,0.48,0.5,0.570612629809795,0.3369937649780533,0.35797505991221307,om
0.6794674639223821,0.7599239234174832,0.48,0.5,0.8374894727769442,0.44908708100979794,0.27045645949510105,om
0.6594067084270905,0.6653027855535593,0.48,0.5,0.6652782264851413,0.37940670842709046,0.3088256963883898,om
0.6266053226112501,0.5341308060537485,0.48,0.5,0.7424745165575016,0.4296319356675007,0.2884866934718747,om
0.6263110941110445,0.717377811777911,0.48,0.5,0.5630110558608945,0.3422333205832834,0.30553335883343335,om
0.6574238396843819,0.8211357595265728,0.48,0.5,0.6917913854567973,0.4959834388953367,0.36161589312292125,om
0.6187694999540562,0.6359965005972695,0.48,0.5,0.6327729993567868,0.38261699972433716,0.30807625011485956,om
0.6439695384658705,0.8009543076988056,0.48,0.5,0.6402165641191699,0.4488933846305465,0.35264635897724694,om
0.6380330737182265,0.7920496105773398,0.48,0.5,0.6174601159198684,0.42811575801379287,0.348688715812151,om
0.6880171236987855,0.5939657526024288,0.48,0.5,0.7635556520210532,0.3885128427740892,0.21297431445182158,om
0.62996514867693,0.7157740308395486,0.48,0.5,0.5727476101274942,0.34996514867692996,0.32144350770988717,om
0.6505840951287823,0.733766361948487,0.48,0.5,0.5789929617189301,0.3705840951287824,0.3421752285386347,om
0.6392740766511787,0.5743555400929277,0.48,0.5,0.6197777874419202,0.48368890241868834,0.33,om
0.6929183363955076,0.7655154067146002,0.48,0.5,0.7056224954067386,0.47697457491235407,0.3642704159011231,om
0.6466998260717056,0.7526243477688961,0.48,0.5,0.6875746086613377,0.46427443473304325,0.3175746086613377,om
0.73977919254963,0.6515961801159992,0.48,0.5,0.8376908695694819,0.533022080745037,0.25137537266562915,om
0.5631684960073059,0.8186336992014612,0.48,0.5,0.7257557994676408,0.4260463957411263,0.3771221002661796,om
0.6611215265405537,0.6935051879191354,0.48,0.5,0.7044861061622146,0.54,0.3522430530811073,om
0.6877227847188063,0.778019831010548,0.48,0.5,0.8052474687653719,0.4602970462917417,0.2725742615729354,om
0.7731068909135035,0.7179120999757309,0.48,0.5,0.7851947909377726,0.4224026045311137,0.29,om
0.7073697179501353,0.758602111117253,0.48,0.5,0.6026302820498647,0.5336255868944294,0.30450234757771766,om
0.7070068660999208,0.8905733903142631,0.48,0.5,0.6454128774858953,0.5158600854713946,0.27114678062852615,om
0.7408105195607508,0.8886527261494878,0.48,0.5,0.5910735085795228,0.5332420782430035,0.2908105195607509,om
0.6968441730822489,0.7993030705252473,0.48,0.5,0.7642012211298803,0.47245889744299846,0.27561472436074963,om
0.7642808899011381,0.6329102110874814,0.48,0.5,0.8209025289784266,0.53,0.21715733029658585,om
0.6836709354023717,0.6559073867436104,0.48,0.5,0.6263290645976284,0.5362587849552921,0.31503513982116815,om
0.6861761116001388,0.7744109270669903,0.48,0.5,0.8122074977993757,0.45823481546685163,0.27205870386671294,om
0.7639923121936883,0.6360845658694276,0.48,0.5,0.81792055933478,0.53,0.21802306341893485,om
0.5369033698607302,0.816915014943026,0.48,0.5,0.7084749750949567,0.39152502490504326,0.37308498505697407,om
0.7256096336408278,0.8114626186653807,0.48,0.5,0.8204867027674503,0.5470722523062086,0.30536628225710266,om
0.7105184097242763,0.808829455558842,0.48,0.5,0.8522073638897105,0.5293478652831183,0.2822073638897105,om
0.6414902412399677,0.5302158443398868,0.48,0.5,0.7980431688679773,0.46493731361195795,0.2811490241239968,om
0.7289120947668722,0.7810879052331278,0.48,0.5,0.8062761066127312,0.562092035537577,0.3184519170789868,om
0.6839379195424327,0.5948447988560815,0.48,0.5,0.7176944632221355,0.5501813758627297,0.31981862413727025,om
0.7538650143083857,0.749693295177638,0.48,0.5,0.83,0.5480982522524809,0.29871166189720477,om
0.6652117583058597,0.6220789010159463,0.48,0.5,0.7627093406781941,0.3885418681356388,0.2347882416941403,om
0.7037136673733804,0.6757104210836278,0.48,0.5,0.800855751590106,0.45513992002355713,0.2374273347467609,om
0.7272402377198968,0.8227514857493551,0.48,0.5,0.8537905348697679,0.5668911291695098,0.2844804754397936,om
0.6784483943486921,0.6131032113026156,0.48,0.5,0.7324572816332496,0.3813362957615192,0.22732740847696173,om
0.6988373545992866,0.6430241275957198,0.48,0.5,0.7302319043032102,0.4076747091985733,0.27628015949464985,om
0.6611907379435888,0.5722301273058252,0.48,0.5,0.7786579134750586,0.4755196946811182,0.24313821879394043,om
0.6642048824664973,0.5840634267828678,0.48,0.5,0.7429682866085662,0.4414487793833757,0.3142048824664974,om
0.6633933721026778,0.5090819269158159,0.48,0.5,0.8114671677802928,0.46908192691581585,0.2609180730841842,om
0.63773422034666,0.49773422034666,0.48,0.5,0.73972756774671,0.48480399155997006,0.29933555086665004,om
0.5662016091623043,0.663167060845174,0.48,0.5,0.771771888332087,0.3679734974943913,0.43493894917726095,om
0.6998812346278586,0.6821733952266111,0.48,0.5,0.6939133023866945,0.4325296913430353,0.3498812346278586,om
0.6725779080315007,0.6795998534645616,0.48,0.5,0.6547114123228456,0.408222385039376,0.27915544972440565,om
0.7141081910687582,0.57,0.48,0.5,0.8026113414798189,0.4440126016442434,0.22579621950672701,om
0.6676066928543757,0.6577656918391065,0.48,0.5,0.7117824239750459,0.4422343081608935,0.258510461226071,om
0.7108224498444482,0.6094517001037012,0.48,0.5,0.7813707497407469,0.44452131644198073,0.2657528335061687,om
0.6877885821479764,0.6507695523946038,0.48,0.5,0.7170190297533726,0.4077885821479764,0.31557716429595284,om
0.7196214752384901,0.7290536880962252,0.48,0.5,0.74320715841283,0.4924501088898101,0.20094631190377488,om
0.68,0.6719720270116205,0.48,0.5,0.7655147920867558,0.4161430873121617,0.29031414761270297,om
0.6910623449523206,0.6505443549114522,0.48,0.5,0.7458033499318864,0.42686569488420684,0.3,om
0.6367137880456845,0.6480359216476315,0.48,0.5,0.7444287373181052,0.38557126268189484,0.3541077649428944,om
0.6737591130764196,0.8746298384622577,0.48,0.5,0.7310740323075484,0.5021480646150969,0.24462983846225778,om
0.6633650986437243,0.6190667071518209,0.48,0.5,0.7116825493218621,0.379066707151821,0.23429839149190332,om
0.7323505783784994,0.7789072254826428,0.5084121374512878,0.5,0.7510927745173572,0.5427319362933931,0.17021632857110863,om
0.7174157538016335,0.7273034255371448,0.48,0.5,0.6973034255371449,0.45719109727265606,0.30808972338856566,om
0.6776124822291335,0.8476469505261827,0.48,0.5,0.7204843972135831,0.4866781560990164,0.27093432613011714,om
0.6997485963229089,0.7433170619505459,0.48,0.5,0.6953771055156366,0.45819136011200046,0.36256285091927276,om
0.7401324324500853,0.639690990949801,0.48,0.5,0.7804414415002843,0.4802207207501421,0.2796468467997726,om
0.7081959865861177,0.713006689023137,0.48,0.5,0.6896214048740387,0.4312026756092548,0.3545879597583533,om
0.7110736199177828,0.7167995928126251,0.48,0.5,0.6760633936347961,0.43357873305927636,0.3574948868585065,om
0.6806559868027598,0.76,0.48,0.5,0.8399062875996057,0.45112454880473113,0.2702811372011828,om
0.6959851529704691,0.7333580783825513,0.48,0.5,0.7547458508241643,0.43934323135302056,0.31795545891140753,om
0.5679824971365391,0.7950054696448315,0.48,0.5,0.7559868728524043,0.40099234249723587,0.34701203321862933,om
0.6937283452386588,0.4287572182537804,0.48,0.5,0.5974566904773178,0.7437283452386588,0.7724855634924392,imU
0.7457149664125996,0.41357125839685005,0.48,0.5,0.5535688759527514,0.6542826511433018,0.6807113927464516,imU
0.6974079189626853,0.4425920810373147,0.48,0.5,0.6474897687736317,0.7574488438681585,0.7824693063208952,imU
0.8030649733633617,0.43090395738137866,0.48,0.5,0.6312570586006043,0.8021610159819831,0.8064830479459489,imU
0.79,0.5394069215847712,0.48,0.5,0.500729942664897,0.660684321248341,0.680684321248341,imU
0.794010793182281,0.4170188880689917,0.48,0.5,0.6589973017044298,0.8049865085221488,0.825989206817719,imU
0.8556144367277411,0.5397670190313959,0.48,0.5,0.6329237088481726,0.8026907278795685,0.8241525823036547,imU
0.6754508594377637,0.4493988540829817,0.48,0.5,0.6021242838018636,0.7351502864792545,0.7675751432396273,imU
0.7475360473767135,0.4491786824589045,0.48,0.5,0.5963928941529681,0.7463928941529682,0.7763928941529682,imU
0.680782545576038,0.43125692560326756,0.48,0.5,0.5912569256032675,0.74,0.77,imU
0.6806905492417835,0.43558567045492985,0.48,0.5,0.5695192083319238,0.7381381098483567,0.7681381098483567,imU
0.8010427430560877,0.40417097222435044,0.48,0.5,0.43791451388782476,0.7371794270793429,0.6889572569439124,imU
0.7222064773358137,0.4051956817761243,0.48,0.5,0.4690391363552249,0.7793238864014881,0.7271174090656746,imU
0.8212510641506927,0.41078297924487556,0.48,0.5,0.5185957452825487,0.7965617018869805,0.7351574471695292,imU
0.8101213739489102,0.4203641218467305,0.48,0.5,0.6181941983182563,0.763975725210218,0.79,imU
0.7634585170129813,0.3961659319480747,0.48,0.5,0.5121048095454347,0.6211266531168319,0.6493973946103413,imU
0.6854975923104966,0.3377487961552483,0.48,0.5,0.64,0.7201570024029698,0.7520942014417819,imU
0.7591957101641224,0.6826541455801602,0.48,0.5,0.511260057702287,0.7091957101641223,0.7491957101641223,imU
0.6889239043149424,0.3896316021844828,0.48,0.5,0.6356374217367816,0.7087251565264368,0.7465438673948276,imU
0.618031275609589,0.3292437858534247,0.48,0.5,0.6259843621952055,0.7471968724390411,0.77,imU
0.5490605878273878,0.421006118952359,0.6928849432975834,0.5,0.6072484702619103,0.7336242351309551,0.7577181763482164,imU
0.6118988553276012,0.30313931319656073,0.48,0.5,0.6421898855327601,0.7565696565982803,0.7765696565982804,imU
0.680614315956275,0.38213064680717135,0.48,0.5,0.5422744962763446,0.6574378047853089,0.6951633085089642,imU
0.8051696527539443,0.4511017916523666,0.48,0.5,0.5873093784638805,0.7211017916523665,0.7543433090146694,imU
0.6517484143758114,0.4186708949978361,0.48,0.5,0.6190902043714838,0.6217484143758114,0.667832276250541,imU
0.7591548071866064,0.49630264351435904,0.48,0.5,0.5102817309377978,0.6548591345311011,0.68,imU
0.7969098342092853,0.5256366114030951,0.48,0.5,0.6997281399108328,0.8673342418113487,0.7095755923979365,imU
0.7738727546513088,0.48,0.48,0.5,0.6136823706567293,0.7401903839945796,0.7734919866621497,imU
0.7383629713688327,0.5161675252471536,0.48,0.5,0.5158883165018977,0.6758883165018976,0.7038324747528465,imU
0.6824092341790572,0.4426512763682379,0.48,0.5,0.577348723631762,0.7298789789054096,0.7624092341790573,imU
0.6359043809666722,0.45180876193334457,0.48,0.5,0.5004780951666387,0.7422868570999832,0.7702390475833194,imU
0.7633023407387567,0.44238537989446336,0.48,0.5,0.453578069841695,0.73,0.6895415195778534,imU
0.6588230680917003,0.403530795724899,0.48,0.5,0.5176461361834006,0.673530795724899,0.7098051517554659,imU
0.6778826493938236,0.4545881929437395,0.48,0.5,0.4718822894156092,0.73,0.738352771774958,imU
0.7357664735694751,0.6130658942779006,0.48,0.5,0.5311573911249605,0.7203857970416535,0.7569238646944356,imU
0.7991390099648416,0.5612717621336023,0.48,0.5,0.554794613950778,0.7647946139507781,0.7891390099648415,imU
0.5941366135454819,0.4219214866842581,0.48,0.5,0.11589531557901084,0.5179476577895054,0.38335461941632853,imU
0.7750562025779917,0.5343443032567642,0.48,0.5,0.4799250632293445,0.7652060761193027,0.7249063290366806,imU
0.7901798613863872,0.4401798613863872,0.48,0.5,0.5188624133664921,0.6616771707926696,0.6652697920795808,imU
0.4981059645878782,0.6072208121412989,0.9879568526122952,0.5,0.5597684010117749,0.7116211929175756,0.74,imU
0.7983151060150687,0.5257299091299411,0.48,0.5,0.5261800605800393,0.78,0.74,imU
0.8274561401678263,0.55,0.48,0.5,0.5866081868904351,0.7991520467226089,0.7974561401678263,imU
0.6581381267764611,0.5739704014050441,0.687743478843715,0.5,0.5299753345042034,0.7520345316941153,0.74,imU
0.6622566462012031,0.46712049707784853,0.48,0.5,0.6426072046754424,0.6391048450323424,0.6736963976622788,imU
0.6011420024988086,0.38778550062470213,0.48,0.5,0.10671300374821285,0.5133565018741064,0.3754154203107625,imU
0.8181691298617055,0.457972085695752,0.48,0.5,0.4543103454191628,0.6928735636127753,0.7045073895851164,imU
0.7932575937311275,0.44196969485516147,0.48,0.5,0.42590908456548443,0.6759090845654845,0.6878787794206459,imU
0.6174412578669881,0.4652114716788428,0.48,0.5,0.5076292326926262,0.7599530062935905,0.7899530062935906,imU
0.668222617895722,0.48089946584077525,0.48,0.5,0.5811777382104277,0.7476445235791443,0.7732333926843583,imU
0.6149256676502756,0.512685830874311,0.48,0.5,0.6365675568670341,0.6601486646994488,0.7017905539162074,imU
0.608236418497479,0.5294089537563026,0.48,0.5,0.6276485579966387,0.673527163005042,0.7129393025042017,imU
0.6375444248531406,0.44263327455942164,0.48,0.5,0.6233440722096704,0.6492892023497513,0.6943780520560324,imU
0.6369339776286728,0.411332527964159,0.48,0.5,0.4904009664430092,0.7474645727068134,0.7791980671139817,imU
0.6803648309907769,0.42,0.48,0.5,0.5751335696492454,0.77,0.7944039076676915,imU
0.49190569761750746,0.6074136960905255,0.9929216945635435,0.5,0.5589110299328529,0.7108167275503603,0.7408167275503603,imU
0.53973212502264,0.44140476666062933,0.48,0.5,0.6014047666606293,0.7632440416742133,0.7885952333393708,imU
0.6385533062671587,0.42,0.48,0.5,0.592987314387011,0.7862893387465683,0.8062893387465683,imU
0.7008350704597455,0.4457202496917372,0.48,0.5,0.5689770358463984,0.7863256786154661,0.7842797503082628,imU
0.7256370280364068,0.43111968716172705,0.48,0.5,0.49104250270618366,0.7232818770296379,0.7377220334487743,imU
0.8219736884782246,0.4316052623043551,0.48,0.5,0.4793815819347572,0.73,0.7093815819347572,imU
0.7425411421508802,0.42751371405029337,0.48,0.5,0.5748628594970662,0.7549725718994132,0.7486745727233864,imU
0.7828383056854659,0.4314850829436025,0.48,0.5,0.5096044193947824,0.7527064454837267,0.7225745852819875,imU
0.8032240855999367,0.3840235879578881,0.48,0.5,0.5750589698947202,0.815294849473601,0.8342594675367688,imU
0.7356520372225109,0.26565203722251096,0.48,0.5,0.5708695441880786,0.7560868093165503,0.7852172651284717,imU
0.8540270193161148,0.40672434591487866,0.48,0.5,0.5876108077264459,0.887610807726446,0.897610807726446,imU
0.793255927423675,0.42953556454205016,0.48,0.5,0.6453483265934624,0.8197677822710251,0.8381398185591875,imU
0.7249777262529876,0.45914810521082305,0.48,0.5,0.5841703789578353,0.77789253677407,0.8020629157319054,imU
0.8256658465637772,0.5786683068724457,0.48,0.5,0.5656658465637772,0.7398481120744441,0.7738784896595553,imU
0.8696952710589568,0.49182837364625903,0.48,0.5,0.6106094578820863,0.7615236447052159,0.7912189157641727,imU
0.6802392306621947,0.2982775148752348,0.48,0.5,0.5795693787188086,0.7480861242562382,0.7780861242562382,imU
0.6412887500471516,0.4695160416692862,0.48,0.5,0.6342740625039293,0.7495160416692862,0.7795160416692862,imU
0.6559399519717539,0.4418595168808045,0.48,0.5,0.5746487922020113,0.7354648792202011,0.7609297584404022,imU
0.4950588372529696,0.4244999805582931,0.48,0.5,0.6241764728754949,0.7420882364377475,0.77,imU
0.7981224070874098,0.4633713699223736,0.48,0.5,0.5495591292136326,0.6738692955923014,0.7000570548835604,imU
0.7637348745025306,0.41560231175379597,0.48,0.5,0.4906628137436733,0.6161441215177147,0.631204623507592,imU
0.7698211449011227,0.5474960286157188,0.48,0.5,0.5098211449011227,0.7766017531213326,0.7378537388134732,imU
0.6565929678027413,0.48954387092096824,0.48,0.5,0.6113614192893555,0.6934070321972587,0.7313614192893555,imU
0.667294819655132,0.5206556627586092,0.48,0.5,0.6719669882758275,0.7945896393102642,0.8186061451723504,imU
0.6423495463349551,0.5135284418099872,0.48,0.5,0.6505853254299615,0.7446990926699102,0.7794064299549295,imU
0.6875852860172473,0.5129297682737152,0.48,0.5,0.681377929025871,0.8491371252650914,0.8606889645129355,imU
0.64,0.45755468982634856,0.48,0.5,0.526460893299378,0.7006562779161823,0.7355468982634853,imU
0.7801493400114946,0.5137042454597703,0.48,0.5,0.6445183018160919,0.7374084909195406,0.7682972172816095,imU
0.6330025670841457,0.4395038506262186,0.48,0.5,0.6385115518786558,0.6729768962426883,0.712480746868907,imU
0.6763651980120162,0.4354539207951935,0.48,0.5,0.6118156831807741,0.7045495148312422,0.7400034356264357,imU
0.7785046546836583,0.4850051718707314,0.48,0.5,0.5979958625034149,0.7765005171870731,0.7965005171870732,imU
0.8106996011016188,0.5193003988983813,0.48,0.5,0.5695335992655874,0.78,0.7986007977967626,imU
0.6949073401781816,0.4560596334323231,0.48,0.5,0.5124536700890907,0.7736059633432323,0.8,imU
0.7769699380722807,0.3582098705147686,0.48,0.5,0.5614600112595853,0.762809983110622,0.7629200225191707,imU
0.7759556477670063,0.3243379068738088,0.48,0.5,0.57,0.7683822591068026,0.7891911295534013,imU
0.7615456150830368,0.4657413919871367,0.5587383754900653,0.5,0.4411987934011714,0.6760567981146204,0.6890851971719306,imU
0.6430308227262878,0.5742928080305328,0.7347465739411012,0.5,0.5293938354547425,0.684494862878952,0.7093938354547424,imU
0.5985460644265261,0.46268748399257165,0.5968289035586173,0.5,0.4979736774705565,0.7565197418970826,0.7865197418970826,imU
0.6463791015527991,0.5735115429710136,0.728942890641815,0.5,0.5287241796894402,0.6839368164078669,0.7087241796894402,imU
0.8041365074740017,0.41157072305266684,0.48,0.5,0.6380098772626641,0.7974342155786652,0.8174342155786651,imU
0.8534923530466698,0.45786806707618594,0.48,0.5,0.538934033538093,0.748934033538093,0.768934033538093,imU
0.800171499069781,0.4647683871318087,0.48,0.5,0.701320721085288,0.8226414421705759,0.7177015559689862,imU
0.8309485056411763,0.5412930706226892,0.48,0.5,0.7189663050554618,0.9018970112823528,0.7051722824907564,imU
0.5739518494069266,0.3885623403816744,0.48,0.5,0.09820121093362422,0.5051487560598855,0.3583215874163077,imU
0.6339305426083134,0.5052833488700239,0.48,0.5,0.638165746782787,0.7213101808694378,0.7607861085216627,imU
0.6244504806056497,0.4600543254508475,0.48,0.5,0.6067028836338983,0.758846635760452,0.7877475969717515,imU
0.5826893635000386,0.4074936209167504,0.48,0.5,0.1826638471670401,0.5386425600834814,0.42094043841694356,imU
0.589745799750626,0.38254784512911305,0.48,0.5,0.08930021898479995,0.5052870707746783,0.3567523738556869,imU
0.7086948304526823,0.27597887716048825,0.48,0.5,0.5020897720679249,0.7153790994856087,0.720079210648169,imU
0.6257525729962227,0.3948673527989927,0.48,0.5,0.27929345378514286,0.5940714695929491,0.5009745571884164,imU
0.6863987143950434,0.3522860203821325,0.48,0.5,0.34268259210224816,0.6451982858600578,0.5849686124843807,imU
0.8482823569893536,0.5453129427957415,0.48,0.5,0.6159388283872244,0.8240611716127756,0.8417176430106463,imU
0.8220253152021499,0.4664556934447297,0.48,0.5,0.47050632384902935,0.7036708825660196,0.7160759456064496,imU
0.7408713645864191,0.485958501045061,0.48,0.5,0.5442157718722228,0.6993029083308647,0.7242157718722229,imU
0.7828767073642923,0.543561646317854,0.48,0.5,0.5035616463178539,0.7027397558142467,0.7013698779071234,imU
0.5322867777321736,0.6001330851958262,0.9267029185975657,0.5,0.5515426444535653,0.7029522037113044,0.7315426444535653,imU
0.4926035156644269,0.46565087891610674,0.48,0.5,0.6115236816258399,0.7343491210838933,0.7636427612193799,imU
0.74,0.65008995421928,0.48,0.5,0.34956042014351685,0.5335964018312288,0.46245757070033916,pp
0.6553431461554633,0.7285784062891489,0.48,0.5,0.4507843104889225,0.36299021468869597,0.3061274566443857,pp
0.7128880080802195,0.5442239838395609,0.48,0.5,0.4416895935358244,0.4857760161604391,0.4467583741432975,pp
0.7091900720657437,0.7019007206574374,0.48,0.5,0.41295884694810026,0.5383801441314875,0.39323971173702504,pp
0.6228020049023129,0.5981233853695865,0.48,0.5,0.4590487756414862,0.4903084634239665,0.37061692684793307,pp
0.6790188780557459,0.6729433658327624,0.48,0.5,0.4900629268524862,0.47104404879674033,0.3600629268524862,pp
0.6607229048083157,0.8564758390594608,0.48,0.5,0.34144580961663146,0.4114458096166314,0.3605421786062368,pp
0.7122848112573441,0.7268544337720324,0.48,0.5,0.5047104478437126,0.505571202814336,0.2834272168860162,pp
0.7149594341583059,0.7868366208371337,0.48,0.5,0.563592109990879,0.4894901374885989,0.3223059175068407,pp
0.42811302651588573,0.5124183644118079,0.48,0.5,0.5388335945248935,0.43452825662897143,0.42663814884613505,pp
0.6626361910629462,0.5876906674881247,0.48,0.5,0.47,0.480108952850357,0.499891047149643,pp
0.6582035368716578,0.7094601268181825,0.48,0.5,0.3387434100534753,0.3961681681550798,0.4443717050267376,pp
0.408395565580312,0.4382157630438065,0.48,0.5,0.5139280789853978,0.3308944165462402,0.4148224955316381,pp
0.6644173622328574,0.7673622703880957,0.48,0.5,0.4355614915541257,0.4573622703880957,0.3211652755342852,pp
0.723789776168687,0.7717197015582494,0.48,0.5,0.567579552337374,0.503789776168687,0.3120700746104377,pp
0.6323857497886144,0.7159643744715359,0.48,0.5,0.5964213753170784,0.4053679370243824,0.38045700084554246,pp
0.6658154028082933,0.8309229859585336,0.48,0.5,0.4563080561658656,0.45652322246634625,0.2843997634921874,pp
0.7086069838757113,0.5327860322485773,0.48,0.5,0.5044847165891841,0.48030566821631804,0.4020611336432636,pp
0.6706888568174126,0.621710565896015,0.48,0.5,0.5044891454606988,0.37482199772188857,0.3827554272696506,pp
0.6582389967303613,0.8870440130785548,0.48,0.5,0.3808061782513032,0.5536420858560129,0.4412235511021032,pp
0.5804823414427577,0.5865058861857474,0.48,0.5,0.4074705690712629,0.5101823088639046,0.3072882602073583,pp
0.5836549952643212,0.6173099905286424,0.48,0.5,0.4377924834251242,0.45406917219162524,0.34365499526432125,pp
0.6948352854097607,0.6720882135244018,0.48,0.5,0.4075823572951196,0.5096705708195215,0.2838469978683251,pp
0.709811204879157,0.6279247890218966,0.48,0.5,0.4096224097583141,0.566792018296839,0.34905679207136975,pp
0.6323343971350329,0.6781703899726153,0.48,0.5,0.3692744090723958,0.4011671985675165,0.3316088062074287,pp
0.646016626748357,0.7043567704542717,0.48,0.5,0.48639002395098574,0.4224066506993428,0.22970973653915655,pp
0.6361969571833596,0.693378700283517,0.48,0.5,0.4519695718335957,0.42760608563328084,0.2508486850662468,pp
0.6346709634713348,0.8562632292229322,0.48,0.5,0.3890658073057331,0.486815468496805,0.36055223927387287,pp
0.6986016872001581,0.8448022496002108,0.48,0.5,0.3924011248001054,0.5817938135994204,0.41118650239873533,pp
0.3851016833011667,0.4681220199614,0.48,0.5,0.5318600480943191,0.3190610099807,0.3520992785852143,pp
0.5609185228086337,0.5928787560493758,0.48,0.5,0.4602604276080271,0.6350378230864075,0.6779781729475207,pp
0.4388460210393634,0.5444998273511724,0.48,0.5,0.5062307957921274,0.36319221472755436,0.4433845445543272,pp
0.6102913074646497,0.6054966567171729,0.48,0.5,0.41479465074747673,0.48239732537373836,0.37339063880808426,pp
0.7017643062056801,0.6594073682624819,0.48,0.5,0.44353540691479737,0.5135286124113604,0.44706401932615775,pp
0.6673286486733904,0.7939718920403418,0.48,0.5,0.5366608108417379,0.5040245944647009,0.22799648650504273,pp
0.63,0.5885407283159497,0.48,0.5,0.46682408960506283,0.6397426329731634,0.23476386559240572,pp
0.6331748009631587,0.6557196260052838,0.48,0.5,0.45190238844209607,0.6206299759210335,0.26349601926317323,pp
0.74,0.7743284812716443,0.48,0.5,0.3872390828611998,0.5128357593641778,0.472798338251489,pp
0.7385482058822715,0.8201209828431439,0.48,0.5,0.4896370514705679,0.48842722303912756,0.40987901715685593,pp
0.63,0.9327286134674986,0.48,0.5,0.36922039615214325,0.49077960384785674,0.41792351442946274,pp
0.7267973029357169,0.5308083363805116,0.48,0.5,0.4175995096246758,0.5219963221850684,0.3395958318097442,pp
0.6413780958516453,0.6986219041483547,0.48,0.5,0.6056890479258227,0.41517079446886046,0.3937926986172151,pp
0.6729136137134064,0.7743704205701096,0.48,0.5,0.4998682346687184,0.5215885721879848,0.2970205036209528,pp
0.6346633373929343,0.7169950060894016,0.48,0.5,0.5891188794164864,0.4132127892799808,0.37989610231530885,pp
0.71,0.7782129375637251,0.48,0.5,0.4,0.54,0.35816729580359496,pp
0.6631501513008283,0.7463003026016567,0.48,0.5,0.32890090780497006,0.389450453902485,0.42842492434958585,pp
0.64,0.7777393033184171,0.48,0.5,0.3838357103736851,0.4292464344394724,0.3308214481315746,pp
0.7192888420741892,0.7392450530355399,0.48,0.5,0.43096280691396416,0.5492888420741893,0.35096280691396414,pp
0.7085081922831297,0.583370507780733,0.48,0.5,0.5818787000638628,0.5133147461096335,0.41370163845662594,pp
0.7051843355020951,0.6391046561326806,0.48,0.5,0.5198946654273742,0.5302106691452516,0.3255003392199726,pp
0.6790850480429069,0.8134068930160901,0.48,0.5,0.2613563100536336,0.43135631005363356,0.2590850480429069,pp
0.6391043677382809,0.7956698838124943,0.48,0.5,0.37179126452343825,0.3944781613085956,0.431939309644528,pp
0.6671235922637998,0.66542471845276,0.48,0.5,0.35032809701964046,0.39,0.22169887381103984,pp
0.6856906951387605,0.7345302369049819,0.48,0.5,0.415911627182503,0.7480116116063177,0.7150836970225993,pp
0.6319979159578548,0.652735087122404,0.48,0.5,0.43968481380167357,0.7397864024642071,0.7658921592110309,pp
0.686888664560037,0.666295548533457,0.48,0.5,0.45933400631988863,0.6345890781072481,0.6445890781072481,pp
0.6528915971671534,0.7893975991906153,0.48,0.5,0.46530120040469236,0.527590396762461,0.40843361133138634,pp
0.6481552051217715,0.6844656153653144,0.48,0.5,0.4140776025608857,0.4001940064022143,0.244853628169743,pp
0.6470576212438498,0.7488271362684507,0.48,0.5,0.43157063126025036,0.41803160121104865,0.3241152424876996,pp
0.690889725994971,0.7872243149874274,0.48,0.5,0.28644109602011614,0.5257414383291424,0.2779239726784011,pp
0.6815032056892678,0.587167735229756,0.48,0.5,0.4642483971553661,0.4768194420131726,0.47468376367609527,pp
0.6885341502560822,0.59,0.48,0.5,0.4603382730178272,0.44028189418152264,0.5202255153452181,pp
0.6558769417277911,0.5895898057593035,0.48,0.5,0.4739179611518607,0.4562871359684875,0.47669733020918403,pp
0.6608406392341815,0.6508406392341815,0.48,0.5,0.4763147423101296,0.3972629484620259,0.3509482061518963,pp
0.6509432856180497,0.741698500336826,0.48,0.5,0.4507552147187764,0.43660299932634783,0.36358507157292547,pp
0.6333366458323677,0.78,0.48,0.5,0.4900049687485515,0.4033118020896101,0.43330683334105863,pp
0.6611840248863973,0.7152822466070899,0.48,0.5,0.3699816538473208,0.43116567873371814,0.36349703620115437,pp
0.636599892589726,0.8181429338644813,0.48,0.5,0.4576285867728963,0.3635571198406556,0.39881429338644814,pp
0.6574089446424112,0.7606746568465016,0.48,0.5,0.399014907737352,0.4248178892848224,0.4487044723212056,pp
0.3167370552028812,0.42437621383227586,0.48,0.5,0.5085412620559081,0.40381957931469736,0.4738886730964843,pp
0.5549434872607446,0.5321647980423507,0.48,0.5,0.5458481450986092,0.47754443529582774,0.44768981862673846,pp
0.52411750222215,0.5706049302856586,0.48,0.5,0.44642021358732425,0.3933109285079386,0.29270599822228,pp
0.622313920559598,0.7698380654504524,0.48,0.5,0.466941761678794,0.43867329902633134,0.3537215888080404,pp
0.5926498750799888,0.6052997501599776,0.48,0.5,0.3908201499040134,0.37326498750799886,0.3424448376039854,pp
0.5822838534633861,0.5444567706926773,0.48,0.5,0.437427951154462,0.3670288195382152,0.3029711804617848,pp
0.6463819480188407,0.7127638960376814,0.48,0.5,0.3263416623773911,0.3786381948018841,0.41229653242449293,pp
0.6540541873708585,0.74387356280133,0.48,0.5,0.43995484385761785,0.38617159334105217,0.27396387508609427,pp
0.6808238160019363,0.769290391974829,0.48,0.5,0.4464763200387246,0.44329526400774494,0.4191761839980638,pp
0.69,0.6631009902189428,0.48,0.5,0.4138336613874454,0.4210455440147578,0.298641583138987,pp
0.6996447616183568,0.7078685697101407,0.48,0.5,0.4274600060145076,0.8272114182608441,0.8343695112076983,pp
0.6083515178400538,0.8040218214080646,0.48,0.5,0.4129890892959677,0.4008242410799731,0.23004969199590042,pp
0.5864224425478485,0.7339086471440206,0.48,0.5,0.43240343217320487,0.590110363230623,0.56,pp
0.6614168422722198,0.7616963668471307,0.48,0.5,0.4976048217155916,0.49,0.44802410857795816,pp
0.7259712146372701,0.6301439268136492,0.48,0.5,0.4372661674869637,0.6145323349739275,0.3420863560881895,pp
0.40196990836469,0.42317829624285075,0.48,0.5,0.5182900130907586,0.35806657939494285,0.36438668412101144,pp
0.7235413718968814,0.5805732851288982,0.48,0.5,0.5070319132320167,0.6141654875875259,0.35349054133513524,pp
0.5591454201738935,0.5807753271304361,0.48,0.5,0.5015506542608724,0.4254272899130533,0.44930392556523424,pp
0.7060319221388334,0.5819042335834996,0.48,0.5,0.48113373653176184,0.3505668682658809,0.3234012095952856,pp
0.6615400246455329,0.685900041075888,0.48,0.5,0.4571800082151776,0.4415400246455329,0.33704997946205595,pp
0.6195256416159568,0.6762051329276545,0.48,0.5,0.41777350289610077,0.40905128323191364,0.3863504277439712,pp
0.7018727207478127,0.7708170360749808,0.48,0.5,0.3710556846728319,0.489920450467383,0.3420318198130468,pp
0.5985953535787191,0.6057023232106404,0.48,0.5,0.4285953535787191,0.4071069696319214,0.37429767678935955,pp
0.7326372205406653,0.7379919692383633,0.48,0.5,0.3294109640291551,0.5212985333662409,0.5112985333662409,pp
0.4146445737694756,0.46421806229284635,0.48,0.5,0.4756397672149439,0.5967771311526219,0.6464927901682024,im
0.5893582684276047,0.4387371295596959,0.48,0.5,0.5568943056604562,0.7637268332074526,0.7931056943395438,im
0.17697365001370088,0.5205495617542287,0.48,0.5,0.558808029419824,0.8924767882320704,0.727801752983085,im
0.7638646522341339,0.4476135347765866,0.48,0.5,0.4952270695531732,0.7313178973744425,0.749136241731904,im
0.5170617776564251,0.5523581108987441,0.48,0.5,0.6061185332969276,0.7412938222343575,0.727762933406145,im
0.46,0.6001851637851011,0.48,0.5,0.42111098271060654,0.8109258189255054,0.5559252411232349,im
0.2911158329229916,0.4291843734612184,0.48,0.5,0.5416737493844873,0.8069527076152353,0.8216737493844873,im
0.5090579999486614,0.3936473333504462,0.48,0.5,0.6402737777321434,0.7002737777321434,0.722401388853237,im
0.40880605619563315,0.47,0.48,0.5,0.640114084590804,0.7094030280978165,0.742414436556897,im
0.4123533605340638,0.4975293278931872,0.48,0.5,0.6434115410484993,0.8167057705242496,0.8367057705242497,im
0.18441599364469635,0.5942164780650631,0.48,0.5,0.7286324717097594,0.6065242326772279,0.652735056580481,im
0.38093362699395794,0.5163426054337503,0.48,0.5,0.5628394376866648,0.809104929710833,0.829104929710833,im
0.7268899508012642,0.3662200983974715,0.48,0.5,0.5579904427886219,0.8773444834132745,0.8920095572113782,im
0.8291854452251992,0.4430898727928002,0.48,0.5,0.4856647667868004,0.7172097031832004,0.7461797455856004,im
0.4734704699154731,0.4527983700362258,0.48,0.5,0.6032647650422635,0.7855967400724516,0.8046639500603764,im
0.5491856118741989,0.4884690646876335,0.48,0.5,0.4024494964997864,0.8651010070004272,0.8757133811253739,im
0.6623760846423401,0.45144911014598643,0.48,0.5,0.5514491101459864,0.8005221356496327,0.7556526695620408,im
0.5705275005393997,0.5381797717955823,0.48,0.5,0.11124068029805542,0.8430609085024731,0.5353045425123653,im
0.3908966851422077,0.5566295669125472,0.48,0.5,0.6074149527923962,0.8292702637513302,0.5888187756585567,im
0.6552441868580184,0.4441842587264871,0.48,0.5,0.6063041149895498,0.9452441868580185,0.914184258726487,im
0.7165916981759892,0.45204729574397506,0.48,0.5,0.5168166036480214,0.6713610060800357,0.7102249054720321,im
0.4412783056311384,0.4997370348544923,0.48,0.5,0.5584587292233538,0.7135902117961077,0.75,im
0.6517385586159241,0.4382069744290601,0.48,0.5,0.5197821321799367,0.8398910660899683,0.7093463965398102,im
0.4841295338561686,0.5029149874606783,0.48,0.5,0.3985020150471861,0.7971255037617966,0.8171255037617965,im
0.4545309793207514,0.4210265537035012,0.48,0.5,0.5683185812758326,0.7535044256172502,0.7741592906379163,im
0.36911860449747136,0.43784186067003816,0.48,0.5,0.4225534876548664,0.7687232561725669,0.3462930202844464,im
0.2328843020108219,0.598717829337456,0.48,0.5,0.45720071044942595,0.692179457334364,0.5213246768926679,im
0.39119166893161794,0.5372202706375597,0.48,0.5,0.543790766806419,0.7014801804250398,0.6349824357380369,im
0.4363497775784275,0.5114150916747634,0.48,0.5,0.5329608115421985,0.8009869371807329,0.8254934685903663,im
0.49087143085723806,0.5691285691427619,0.48,0.5,0.5087615372307179,0.76802747340663,0.7964219787253041,im
0.7203999557994616,0.3734400618807538,0.48,0.5,0.5357600265203231,0.904239973479677,0.914239973479677,im
0.006598528637574597,0.5087880253522822,0.48,0.5,0.3524239492954355,0.6716159661969571,0.44498256244061757,im
0.32064116020883454,0.5319234806265036,0.48,0.5,0.44230607749398543,0.8080765193734963,0.8233970994779136,im
0.6908848987087202,0.4533950276248945,0.48,0.5,0.5321399631668073,0.8532099447502111,0.8676749539585091,im
0.3369414219530332,0.49164853171819917,0.48,0.5,0.6027112829667303,0.8938828439060664,0.8969414219530332,im
0.4011323277285011,0.4358362929990992,0.48,0.5,0.5481009484561014,0.697648017364701,0.6299126728217032,im
0.5555175595504834,0.4067166278456311,0.48,0.5,0.5756674430873769,0.8343325569126231,0.8340327898388362,im
0.5152620936772423,0.4997277962565596,0.48,0.5,0.6294758126455154,0.7315725620634539,0.7663104683862115,im
0.6247543977746643,0.5346994136300448,0.48,0.5,0.5841257329624441,0.6752730942976455,0.6429646255910878,im
0.6018304918312349,0.60145770478757,0.48,0.5,0.5381695081687651,0.6791524591561751,0.7179321312686849,im
0.6721408537685117,0.4489295731157441,0.48,0.5,0.5310704268842559,0.7968225304273185,0.8189295731157441,im
0.4827783242245275,0.5045085259913643,0.765556648449055,0.5,0.5986108378877363,0.8286108378877363,0.8450852599136434,im
0.6074615240464291,0.5202788335406254,0.48,0.5,0.6274615240464291,0.7871826905058037,0.8071826905058037,im
0.6323425970632871,0.39624125539240485,0.48,0.5,0.5938287014683565,0.8036188308860726,0.7924125539240483,im
0.6176382162981193,0.5352764325962386,0.7707031881244488,0.5,0.5135426755528211,0.7744095540745298,0.7691331214782913,im
0.5741707308586119,0.47462313150211455,0.48,0.5,0.048542880772203145,0.7780401253649557,0.3223115657510573,im
0.17806145954026564,0.5095895122831758,0.5013453612748594,0.5,0.33862024205330865,0.4055985332393203,0.493135606938375,im
0.19147925076129846,0.5258664288131106,0.48,0.5,0.5903465715252442,0.7109467499154113,0.6812933214406556,im
0.21311154499599191,0.4509227765412364,0.48,0.5,0.5589056157726222,0.7668884550040082,0.7978970353883152,im
0.7345662825617534,0.5370471902134795,0.48,0.5,0.5164764048932603,0.7297146073398904,0.7664764048932603,im
0.712191071464788,0.46,0.48,0.5,0.5295223213380299,0.7068535712112716,0.7117133928028179,im
0.5666512623302815,0.4664613275371658,0.48,0.5,0.05573409128963813,0.7911533188429146,0.35715606085975876,im
0.6605181038319381,0.49244467063712466,0.48,0.5,0.5262223353185623,0.6654074451061874,0.602665988088626,im
0.4156205251217516,0.4115129818772129,0.48,0.5,0.4937292977752355,0.6525945613673259,0.6822163158980226,im
0.45843614735474203,0.5759920635647907,0.48,0.5,0.649908008667926,0.680091991332074,0.720091991332074,im
0.4732143019491683,0.48036829596132735,0.48,0.5,0.53,0.7816071509745842,0.8076562571027611,im
0.2786362403418234,0.3894799558483353,0.48,0.5,0.5112337486202605,0.7687662513797395,0.79,im
0.4204526354691645,0.4818198795829649,0.48,0.5,0.6397736822654178,0.8256812876303234,0.8365912274218059,im
0.46309415137541804,0.5248983822953285,0.48,0.5,0.5716009955105672,0.7729987556117911,0.7983990044894328,im
0.5115946038219179,0.40062944887707286,0.48,0.5,0.5697482204491708,0.6204196325847152,0.6703776693262438,im
0.39483192872262257,0.4170282599601782,0.48,0.5,0.5283460587027118,0.7151680712773774,0.7460466037723997,im
0.597573573516274,0.4454414410976446,0.48,0.5,0.46334534566049246,0.8172792794511777,0.827573573516274,im
0.5008996996702484,0.4643087087099892,0.48,0.5,0.4241477477400648,0.788456456450054,0.8127651651600432,im
0.5775717723263232,0.5445364877342272,0.48,0.5,0.5727317561328864,0.6981788292447424,0.738482357703952,im
0.3983239429716213,0.498742957228716,0.48,0.5,0.6441338004006745,0.8145528146577692,0.8349718289148639,im
0.45368407904743946,0.43388152964278975,0.48,0.5,0.5399012747023249,0.7438815296427898,0.7699012747023248,im
0.3603744875154844,0.48406378121128896,0.48,0.5,0.58665740309016,0.7125936218788711,0.7425936218788711,im
0.4419410055006556,0.45319410055006554,0.48,0.5,0.28009832416557395,0.7943980335166886,0.600098324165574,im
0.47064099382247715,0.5796005733591215,0.48,0.5,0.5403994266408786,0.7842406115830629,0.8049605351351801,im
0.2499708177450339,0.49958454926062357,0.48,0.5,0.4385313312846995,0.7220772536968821,0.5806085849815815,im
0.3252159973899298,0.47091675710946895,0.48,0.5,0.5916332971562124,0.7548998914686372,0.7497997829372746,im
0.42081839086586026,0.39166239739024583,0.48,0.5,0.6037467980426843,0.781688013048771,0.8054348110914553,im
0.7081345566552559,0.519378185551752,0.48,0.5,0.6443527011377362,0.9844546387937994,0.9769418965867914,im
0.6279382531348185,0.6314442782133666,0.48,0.5,0.5919623534490106,0.6834013546236798,0.6697959361289607,im
0.63,0.6285629375520477,0.48,0.5,0.6157125875104096,0.7882897899750171,0.7571496499583619,im
0.6024670976728504,0.5388059339561543,0.48,0.5,0.5524934195345701,0.7950131609308598,0.8162598706981449,im
0.5188237560673645,0.539885244494377,0.48,0.5,0.619885244494377,0.759885244494377,0.7896844223595368,im
