label,file_path,mfcc_1,mfcc_2,mfcc_3,mfcc_4,mfcc_5,mfcc_6,mfcc_7,mfcc_8,mfcc_9,mfcc_10,mfcc_11,mfcc_12,mfcc_13,zcr,centroid,bandwidth,rolloff
buka,dataset48k/train\buka\buka48k-buka_0.wav.wav,-872.3577270507812,63.85288619995117,2.8193511962890625,-0.5428841710090637,6.411361217498779,3.2979774475097656,3.91011118888855,-0.13796375691890717,0.48217639327049255,0.16954506933689117,-3.085142135620117,0.9241801500320435,-0.11610353738069534,0.00988509807180851,641.3068441082817,1146.6105160991572,1180.1030585106382
buka,dataset48k/train\buka\buka48k-buka_1.wav.wav,-554.865234375,60.57759094238281,6.296421051025391,-0.26221269369125366,6.425356864929199,4.7338948249816895,3.00260591506958,-0.029648426920175552,1.037153720855713,0.754114031791687,-2.752659320831299,0.35828837752342224,-0.010097289457917213,0.01540966248244382,581.2591673597415,892.8750002961508,981.8074087078652
buka,dataset48k/train\buka\buka48k-buka_10.wav.wav,-549.2072143554688,60.575103759765625,6.290410041809082,-0.267361581325531,6.421817302703857,4.7317891120910645,2.999685287475586,-0.032743047922849655,1.0351072549819946,0.7526917457580566,-2.7558021545410156,0.3531527519226074,-0.013473253697156906,0.015508415993679775,579.2191595419108,889.671770829606,978.2522823033707
buka,dataset48k/train\buka\buka48k-buka_100.wav.wav,-686.6322021484375,60.24818420410156,6.112226963043213,-0.24425947666168213,6.479720592498779,4.699699401855469,3.013662338256836,-0.1061207577586174,0.9443408846855164,0.5696468353271484,-2.8284645080566406,0.22935479879379272,-0.23364728689193726,0.01313562225877193,745.8142756919254,1069.2884878088662,1331.4967105263158
buka,dataset48k/train\buka\buka48k-buka_101.wav.wav,-748.9031982421875,60.104400634765625,5.992037773132324,-0.27657705545425415,6.423088073730469,4.582635402679443,2.9766948223114014,-0.1501196026802063,0.8879054188728333,0.5496948957443237,-2.8412723541259766,0.18493705987930298,-0.2524489164352417,0.011655359100877193,662.1656494934575,1045.6432983803138,1157.8125
buka,dataset48k/train\buka\buka48k-buka_102.wav.wav,-604.5575561523438,60.310691833496094,6.172316551208496,-0.2161809504032135,6.500994682312012,4.714865207672119,3.020787477493286,-0.08485600352287292,0.9700665473937988,0.5796850919723511,-2.836973190307617,0.2357816994190216,-0.2142074853181839,0.014668996710526315,682.9281823070379,1005.350708638495,1221.2993421052631
buka,dataset48k/train\buka\buka48k-buka_103.wav.wav,-597.458984375,58.152503967285156,-1.261106014251709,0.8896180391311646,12.050297737121582,-1.0908644199371338,2.9587326049804688,5.43222188949585,-1.067764163017273,-2.0512123107910156,1.0097919702529907,1.264648675918579,0.834198534488678,0.00838532464664311,671.7071465385744,979.3511193772744,1231.9180653710248
buka,dataset48k/train\buka\buka48k-buka_104.wav.wav,-680.9671020507812,60.25968933105469,6.1351542472839355,-0.24394552409648895,6.459765434265137,4.697149753570557,3.015115737915039,-0.11527549475431442,0.9530279636383057,0.5803737640380859,-2.829543113708496,0.23919378221035004,-0.22337163984775543,0.013163034539473685,738.3219870093181,1061.0886987718566,1316.6118421052631
buka,dataset48k/train\buka\buka48k-buka_105.wav.wav,-671.012939453125,58.12660217285156,-1.2741960287094116,0.88925701379776,12.039011001586914,-1.098464012145996,2.9533286094665527,5.400727272033691,-1.0698573589324951,-2.0422251224517822,1.001649022102356,1.2609429359436035,0.8339664936065674,0.008316309628975265,491.6354436672845,845.8108557349944,866.6077738515901
buka,dataset48k/train\buka\buka48k-buka_106.wav.wav,-809.9413452148438,59.854618072509766,5.588198661804199,-0.12378250807523727,6.41342830657959,4.328732490539551,3.0083916187286377,-0.16283933818340302,0.7618368864059448,0.572919487953186,-2.7447547912597656,0.18652129173278809,-0.3512185215950012,0.01050233004385965,676.4072960477081,1089.876237350811,1141.1184210526317
buka,dataset48k/train\buka\buka48k-buka_107.wav.wav,-655.5175170898438,60.26089096069336,6.141651630401611,-0.2375616729259491,6.47186803817749,4.695605278015137,3.010770797729492,-0.1132776066660881,0.9531801342964172,0.5961319804191589,-2.8276238441467285,0.23062090575695038,-0.21877890825271606,0.013260690789473685,713.5198298578639,1030.7448480173514,1266.3651315789473
buka,dataset48k/train\buka\buka48k-buka_108.wav.wav,-630.0130615234375,60.308509826660156,6.172393798828125,-0.20713576674461365,6.510285377502441,4.727046012878418,3.027451276779175,-0.08946265280246735,0.9680773019790649,0.5774796605110168,-2.839683771133423,0.2388332486152649,-0.21762202680110931,0.014519942434210526,700.1224558496791,1030.827818480754,1266.2006578947369
buka,dataset48k/train\buka\buka48k-buka_109.wav.wav,-648.9498901367188,60.1750373840332,6.153934955596924,-0.37422144412994385,6.473452568054199,4.795027732849121,3.1266191005706787,0.16926047205924988,1.0601228475570679,0.6087445616722107,-2.6272432804107666,0.4085768759250641,-0.1565990000963211,0.014759497549019607,751.4804079441733,1073.6119288598727,1350.4595588235295
buka,dataset48k/train\buka\buka48k-buka_11.wav.wav,-585.6463012695312,57.57945251464844,-1.385876178741455,1.0633622407913208,12.045446395874023,-1.239516258239746,2.7404112815856934,5.153952598571777,-1.1782612800598145,-1.9168341159820557,0.975051760673523,1.343362808227539,1.1555488109588623,0.00805871547450425,521.6712354871719,840.9106506927845,933.7154745042493
buka,dataset48k/train\buka\buka48k-buka_110.wav.wav,-669.269287109375,58.83858108520508,-1.221841812133789,0.900377631187439,12.02515697479248,-1.1668343544006348,3.147089719772339,5.401993751525879,-1.3311686515808105,-2.146026611328125,1.0670608282089233,1.373192310333252,0.958558976650238,0.008118156373031496,509.40290782454974,844.4438578976961,877.7066929133858
buka,dataset48k/train\buka\buka48k-buka_111.wav.wav,-558.9474487304688,58.86815643310547,-1.2079522609710693,0.9025253057479858,12.044639587402344,-1.1470617055892944,3.1311745643615723,5.403585433959961,-1.320034146308899,-2.142747402191162,1.0721988677978516,1.3809459209442139,0.9668701887130737,0.008225808932086614,646.6694215523256,934.1020129555695,1156.0962106299212
buka,dataset48k/train\buka\buka48k-buka_112.wav.wav,-745.2350463867188,59.94625473022461,5.925049781799316,-0.47257086634635925,6.357228755950928,4.654253959655762,3.061969041824341,0.07692801207304001,0.9528988003730774,0.5465222597122192,-2.6590921878814697,0.3650648593902588,-0.20981942117214203,0.011632582720588236,697.9661029701932,1077.4577570711335,1242.0955882352941
buka,dataset48k/train\buka\buka48k-buka_113.wav.wav,-790.3444213867188,59.81502151489258,5.6866841316223145,-0.3875786364078522,6.375452995300293,4.489004135131836,3.061566114425659,0.06485699862241745,0.8868840336799622,0.5585646629333496,-2.6109724044799805,0.3478458821773529,-0.2336757332086563,0.010686657475490196,737.0848212486005,1112.368333523635,1272.3345588235295
buka,dataset48k/train\buka\buka48k-buka_114.wav.wav,-716.9359741210938,60.0069580078125,5.997991561889648,-0.44834423065185547,6.405429840087891,4.707667350769043,3.0641071796417236,0.08761124312877655,0.9892702698707581,0.5699823498725891,-2.66166090965271,0.37920042872428894,-0.1761457324028015,0.012490425857843138,672.1767735764308,1040.0779317620804,1197.4264705882354
buka,dataset48k/train\buka\buka48k-buka_115.wav.wav,-708.877685546875,58.80975341796875,-1.237514615058899,0.9126756191253662,12.018000602722168,-1.1676571369171143,3.156712770462036,5.367716312408447,-1.3364917039871216,-2.125070571899414,1.0542254447937012,1.3260077238082886,0.9557161927223206,0.008118156373031496,519.3184988377423,876.759059623693,906.9574311023622
buka,dataset48k/train\buka\buka48k-buka_116.wav.wav,-660.781005859375,58.828269958496094,-1.2331172227859497,0.9247725605964661,12.044856071472168,-1.1578458547592163,3.1456823348999023,5.391900539398193,-1.3276697397232056,-2.137288808822632,1.0578176975250244,1.355159044265747,0.9675324559211731,0.008148914247047244,572.5093529564683,886.575511871348,997.0164862204724
buka,dataset48k/train\buka\buka48k-buka_117.wav.wav,-734.3042602539062,58.78498840332031,-1.2691895961761475,0.9298897385597229,12.007587432861328,-1.2152231931686401,3.1591804027557373,5.361976623535156,-1.357182264328003,-2.1169745922088623,1.0316355228424072,1.3198583126068115,0.9585023522377014,0.008072019562007874,492.7821637587857,876.9694628154132,871.9857283464567
buka,dataset48k/train\buka\buka48k-buka_118.wav.wav,-632.5015869140625,58.848846435546875,-1.216712474822998,0.9065811634063721,12.040101051330566,-1.1578648090362549,3.1344056129455566,5.406032562255859,-1.3225376605987549,-2.149012327194214,1.0570427179336548,1.3741620779037476,0.9724747538566589,0.008148914247047244,560.985799450451,870.2776991801092,975.6090059055118
buka,dataset48k/train\buka\buka48k-buka_119.wav.wav,-677.2803344726562,60.09292221069336,6.09099006652832,-0.3935031592845917,6.4336724281311035,4.747791290283203,3.102337121963501,0.13038581609725952,1.0437253713607788,0.5995343327522278,-2.6697750091552734,0.37903162837028503,-0.16329479217529297,0.01325827205882353,744.6995675312426,1084.021388936784,1350.0919117647059
buka,dataset48k/train\buka\buka48k-buka_12.wav.wav,-560.1875610351562,57.58564376831055,-1.3811368942260742,1.0608114004135132,12.04973316192627,-1.2388253211975098,2.734658718109131,5.158520221710205,-1.1743409633636475,-1.9182863235473633,0.9771099090576172,1.3451738357543945,1.1527704000473022,0.008125110658640227,510.50365679344327,825.2587204933055,890.8241855524079
buka,dataset48k/train\buka\buka48k-buka_120.wav.wav,-731.46826171875,58.79791259765625,-1.2596027851104736,0.9296638369560242,11.988801002502441,-1.220789909362793,3.160581111907959,5.344686985015869,-1.3646632432937622,-2.1068379878997803,1.0460892915725708,1.3361468315124512,0.9727248549461365,0.008102777436023622,491.7819059902064,874.6194010475253,869.4943405511812
buka,dataset48k/train\buka\buka48k-buka_121.wav.wav,-723.4884033203125,59.20822525024414,-0.9860924482345581,0.8801115155220032,12.027970314025879,-0.9954196810722351,3.0476012229919434,5.342719078063965,-1.327577829360962,-2.148622751235962,1.0545759201049805,1.26227605342865,0.7243045568466187,0.00815602530420354,518.8182580971161,895.5706179599414,918.7292588495575
buka,dataset48k/train\buka\buka48k-buka_122.wav.wav,-703.7340698242188,59.20664596557617,-0.9417095184326172,0.89765864610672,12.039703369140625,-0.9783599972724915,3.045006036758423,5.369833469390869,-1.3002806901931763,-2.1566219329833984,1.0425350666046143,1.278549075126648,0.7272966504096985,0.008138741012168141,499.6861652251596,872.7847701230991,879.5284845132743
buka,dataset48k/train\buka\buka48k-buka_123.wav.wav,-718.958740234375,60.631370544433594,6.099176406860352,-0.3041006028652191,6.3364338874816895,4.574750900268555,3.093735456466675,-0.03188597410917282,0.6977217793464661,0.5765189528465271,-2.6974968910217285,0.24382996559143066,-0.3042336106300354,0.012311968887061403,686.6794083199203,1052.276868292918,1219.469572368421
buka,dataset48k/train\buka\buka48k-buka_124.wav.wav,-593.4197387695312,59.253448486328125,-0.9061165452003479,0.8975521922111511,12.070219993591309,-0.9405741691589355,3.0452723503112793,5.398471832275391,-1.300042986869812,-2.1752750873565674,1.0772093534469604,1.3142772912979126,0.7396992444992065,0.008190593888274336,653.5735986121992,931.8753362079333,1151.5486725663716
buka,dataset48k/train\buka\buka48k-buka_125.wav.wav,-724.614013671875,60.602020263671875,6.062241554260254,-0.32183611392974854,6.318693161010742,4.561535358428955,3.0792627334594727,-0.046448539942502975,0.7100524306297302,0.5924084782600403,-2.6994550228118896,0.22523733973503113,-0.31467387080192566,0.012365508497807017,695.9824195630139,1062.0755432897056,1234.375
buka,dataset48k/train\buka\buka48k-buka_126.wav.wav,-724.614013671875,60.602020263671875,6.062241554260254,-0.32183611392974854,6.318693161010742,4.561535358428955,3.0792627334594727,-0.046448539942502975,0.7100524306297302,0.5924084782600403,-2.6994550228118896,0.22523733973503113,-0.31467387080192566,0.012365508497807017,695.9824195630139,1062.0755432897056,1234.375
buka,dataset48k/train\buka\buka48k-buka_127.wav.wav,-639.6762084960938,60.74647903442383,6.184556484222412,-0.2614465653896332,6.4001851081848145,4.642838954925537,3.1170494556427,-0.002171056345105171,0.7428572773933411,0.6098119020462036,-2.6919538974761963,0.241301491856575,-0.2791298031806946,0.0152587890625,779.2511999485788,1097.3035852041646,1407.8947368421052
buka,dataset48k/train\buka\buka48k-buka_128.wav.wav,-670.8319702148438,60.68467330932617,6.138908386230469,-0.28729718923568726,6.348769187927246,4.595101356506348,3.102400302886963,-0.01121142040938139,0.7374070286750793,0.597027599811554,-2.704585313796997,0.2384442836046219,-0.2870134115219116,0.013440583881578948,818.8572411278071,1127.5615816819545,1476.3569078947369
buka,dataset48k/train\buka\buka48k-buka_129.wav.wav,-650.9848022460938,60.76231002807617,6.216537952423096,-0.219809427857399,6.434116363525391,4.650749206542969,3.1192543506622314,0.013161704875528812,0.7516399621963501,0.6211992502212524,-2.6850011348724365,0.24477221071720123,-0.2788952887058258,0.015222382127192983,785.6035173796911,1109.1895712784537,1421.2582236842106
buka,dataset48k/train\buka\buka48k-buka_13.wav.wav,-642.2291259765625,57.567527770996094,-1.3915362358093262,1.058664321899414,12.030608177185059,-1.2456161975860596,2.7433958053588867,5.148259162902832,-1.1767972707748413,-1.919567584991455,0.9645977020263672,1.3418165445327759,1.1579383611679077,0.007981254426345608,478.28271500165937,809.7843743269642,822.5699362606232
buka,dataset48k/train\buka\buka48k-buka_130.wav.wav,-551.9295043945312,60.82314682006836,6.244665145874023,-0.22255970537662506,6.432712554931641,4.673774719238281,3.1291091442108154,0.008915591984987259,0.7642967700958252,0.6175128817558289,-2.694553852081299,0.25348198413848877,-0.26542213559150696,0.016524465460526317,676.9906850102102,993.7308160580068,1150.4934210526317
buka,dataset48k/train\buka\buka48k-buka_131.wav.wav,-596.2506103515625,59.25510025024414,-0.8997533917427063,0.8964406251907349,12.066276550292969,-0.9445152878761292,3.042592763900757,5.399637699127197,-1.2939985990524292,-2.173393964767456,1.0709257125854492,1.307950496673584,0.7374536395072937,0.008190593888274336,653.9626533645818,932.8853187335727,1151.5486725663716
buka,dataset48k/train\buka\buka48k-buka_132.wav.wav,-800.8790893554688,60.301300048828125,5.685722351074219,-0.24736087024211884,6.209726333618164,4.28901481628418,3.0945932865142822,-0.08792697638273239,0.6208288073539734,0.6190028190612793,-2.6953325271606445,0.15269815921783447,-0.37037819623947144,0.010478772615131578,730.0846436411063,1119.3229626766224,1250.6167763157894
buka,dataset48k/train\buka\buka48k-buka_133.wav.wav,-597.2100219726562,60.80144500732422,6.2283806800842285,-0.2426622360944748,6.41668701171875,4.662184238433838,3.1235063076019287,0.007034694775938988,0.7613715529441833,0.6174107789993286,-2.6941990852355957,0.25008851289749146,-0.2639511525630951,0.015787760416666668,734.9066124374505,1046.8817010076193,1290.8100328947369
buka,dataset48k/train\buka\buka48k-buka_134.wav.wav,-625.8349609375,61.1948356628418,5.964303970336914,-0.2696057856082916,6.646588325500488,4.7009358406066895,3.1472227573394775,-0.01106200460344553,0.8509718775749207,0.5384587049484253,-2.667410373687744,0.46318092942237854,-0.37396714091300964,0.015139112285539215,824.6049581792671,1151.8337496707882,1513.4420955882354
buka,dataset48k/train\buka\buka48k-buka_135.wav.wav,-787.1649780273438,60.726783752441406,5.445259094238281,-0.38311490416526794,6.44773006439209,4.380781650543213,3.0458898544311523,-0.14895088970661163,0.7153114080429077,0.47447502613067627,-2.7282752990722656,0.4021286964416504,-0.43572714924812317,0.01100308287377451,726.7720039334207,1151.6897146141182,1291.7049632352941
buka,dataset48k/train\buka\buka48k-buka_136.wav.wav,-872.91357421875,58.8264045715332,-1.8997406959533691,2.015984058380127,11.026226997375488,-1.1671059131622314,4.1134138107299805,4.337881088256836,-0.9089897871017456,-1.7143654823303223,0.5829670429229736,1.74583899974823,1.0451709032058716,0.008237933168316832,604.683762285819,1076.0547837242761,1107.711943069307
buka,dataset48k/train\buka\buka48k-buka_137.wav.wav,-724.999755859375,60.197940826416016,-0.9800286889076233,0.8652980327606201,12.214022636413574,-0.919349730014801,3.410263776779175,5.614538192749023,-1.1848042011260986,-2.0686728954315186,1.21221125125885,1.5369181632995605,1.0740876197814941,0.008332205290841584,495.96494816416555,884.2469191224686,865.3310643564356
buka,dataset48k/train\buka\buka48k-buka_138.wav.wav,-770.1873168945312,60.14976119995117,-1.0798684358596802,0.8527994155883789,12.202827453613281,-0.9679349660873413,3.420504093170166,5.543152332305908,-1.208353877067566,-2.015489339828491,1.2234787940979004,1.5060453414916992,1.0659534931182861,0.008334622524752476,524.7091323997669,935.7862944993669,930.0742574257425
buka,dataset48k/train\buka\buka48k-buka_139.wav.wav,-719.287841796875,60.994422912597656,5.769484519958496,-0.3835151791572571,6.522683620452881,4.572948932647705,3.04999041557312,-0.09924154728651047,0.7988321781158447,0.49343448877334595,-2.7034990787506104,0.46408385038375854,-0.38848257064819336,0.01255648743872549,793.4752097511238,1145.7024867494492,1435.3170955882354
buka,dataset48k/train\buka\buka48k-buka_14.wav.wav,-872.4512939453125,56.4337158203125,-2.2522940635681152,1.9887590408325195,10.977461814880371,-1.4268275499343872,3.5598840713500977,4.043583393096924,-0.8598299026489258,-1.577990174293518,0.4843563139438629,1.5487440824508667,1.071649432182312,0.007515104904390934,565.8223672180168,1016.093126176494,1034.6361543909347
buka,dataset48k/train\buka\buka48k-buka_140.wav.wav,-628.8727416992188,60.23161315917969,-0.9317663311958313,0.8561093807220459,12.258082389831543,-0.8790823817253113,3.3788936138153076,5.678882598876953,-1.1250182390213013,-2.0824146270751953,1.2313239574432373,1.575003743171692,1.0803673267364502,0.008312867419554455,540.8248804051966,869.6339390127735,929.4941212871287
buka,dataset48k/train\buka\buka48k-buka_141.wav.wav,-853.5812377929688,60.14833068847656,4.749812602996826,0.19849857687950134,6.2749342918396,3.9266107082366943,3.3969504833221436,-0.20018978416919708,0.5373768210411072,0.5966386795043945,-2.613852024078369,0.3341289162635803,-0.6483647227287292,0.009973862591911764,606.4292184101241,1098.46282432194,1038.8327205882354
buka,dataset48k/train\buka\buka48k-buka_142.wav.wav,-676.8206176757812,61.08269119262695,5.863079071044922,-0.33078035712242126,6.579617500305176,4.620523452758789,3.092003345489502,-0.0501975491642952,0.8207162618637085,0.5253777503967285,-2.6782500743865967,0.435793399810791,-0.3916032314300537,0.013434914981617647,917.7094819632435,1224.5778720527956,1709.5588235294117
buka,dataset48k/train\buka\buka48k-buka_143.wav.wav,-705.0997314453125,61.08051300048828,5.844831466674805,-0.3226742446422577,6.607287883758545,4.635520935058594,3.1123149394989014,-0.02185315638780594,0.8204125165939331,0.5059637427330017,-2.678961753845215,0.4535153806209564,-0.41284292936325073,0.013434914981617647,951.5209162326067,1257.5023463351886,1751.953125
buka,dataset48k/train\buka\buka48k-buka_144.wav.wav,-955.2254028320312,51.55381774902344,-0.48464176058769226,3.311964273452759,7.980677604675293,1.079109787940979,3.3922314643859863,3.4477219581604004,-0.7693129181861877,-1.4718248844146729,0.4336652457714081,1.5642470121383667,0.906390368938446,0.007674717667079208,753.1214263914028,1300.9804121579775,1430.4996905940593
buka,dataset48k/train\buka\buka48k-buka_145.wav.wav,-586.4275512695312,60.245845794677734,-0.9309254288673401,0.8587702512741089,12.262893676757812,-0.8825204968452454,3.374021530151367,5.68686056137085,-1.1205284595489502,-2.079570770263672,1.2295551300048828,1.5746792554855347,1.0871886014938354,0.008467570389851485,672.3646232034791,974.0320093113356,1207.6113861386139
buka,dataset48k/train\buka\buka48k-buka_146.wav.wav,-806.6599731445312,60.0211067199707,-1.287851333618164,0.9780287146568298,12.08899974822998,-1.1143748760223389,3.5770511627197266,5.40534782409668,-1.234472393989563,-1.8793762922286987,1.1262375116348267,1.4445632696151733,1.0768297910690308,0.008373298267326733,564.1725789360863,987.1883359697309,1023.2441212871287
buka,dataset48k/train\buka\buka48k-buka_147.wav.wav,-620.37353515625,60.24814224243164,-0.9274176955223083,0.8539079427719116,12.254051208496094,-0.8813249468803406,3.379605531692505,5.683491230010986,-1.119114637374878,-2.0773913860321045,1.2257146835327148,1.5680654048919678,1.079796314239502,0.008392636138613862,682.7497562172076,992.1541614687068,1226.2917698019803
buka,dataset48k/train\buka\buka48k-buka_148.wav.wav,-620.5076293945312,61.524070739746094,-1.1685470342636108,0.6294806599617004,12.094260215759277,-1.2481987476348877,3.4306864738464355,5.593989849090576,-1.5073628425598145,-2.1238884925842285,1.4044604301452637,1.8419396877288818,1.2410163879394531,0.008469801682692308,670.8564146595862,992.7030789088119,1213.2125686813188
buka,dataset48k/train\buka\buka48k-buka_149.wav.wav,-756.1838989257812,61.429847717285156,-1.3088890314102173,0.6352198123931885,12.031786918640137,-1.3471777439117432,3.5030791759490967,5.511178016662598,-1.5934522151947021,-2.0732502937316895,1.3903601169586182,1.783124327659607,1.2420185804367065,0.008276635473901098,526.8323181730135,930.7396277606239,925.523695054945
buka,dataset48k/train\buka\buka48k-buka_15.wav.wav,-560.1875610351562,57.58564376831055,-1.3811368942260742,1.0608114004135132,12.04973316192627,-1.2388253211975098,2.734658718109131,5.158520221710205,-1.1743409633636475,-1.9182863235473633,0.9771099090576172,1.3451738357543945,1.1527704000473022,0.008125110658640227,510.50365679344327,825.2587204933055,890.8241855524079
buka,dataset48k/train\buka\buka48k-buka_16.wav.wav,-800.3348388671875,57.428436279296875,-1.660370945930481,1.1573299169540405,11.928019523620605,-1.398264765739441,2.886881113052368,4.968759536743164,-1.2724024057388306,-1.7644741535186768,0.9318123459815979,1.2877711057662964,1.1809048652648926,0.007560751593484419,509.6699490683981,914.8312134038615,917.8470254957507
buka,dataset48k/train\buka\buka48k-buka_17.wav.wav,-656.3751831054688,57.55832290649414,-1.3944634199142456,1.0657209157943726,12.03781509399414,-1.255102276802063,2.7439210414886475,5.1496262550354,-1.1776376962661743,-1.9142850637435913,0.9646005034446716,1.325561285018921,1.1602168083190918,0.008003386154390935,484.1179571958374,819.6037035751402,834.5874645892351
buka,dataset48k/train\buka\buka48k-buka_18.wav.wav,-594.13330078125,57.5786247253418,-1.38517427444458,1.063116192817688,12.047286987304688,-1.240404725074768,2.735873222351074,5.1558709144592285,-1.1751399040222168,-1.9224404096603394,0.9722013473510742,1.3511549234390259,1.154787540435791,0.008003386154390935,505.1571333036477,824.2293276519287,889.3634915014164
buka,dataset48k/train\buka\buka48k-buka_19.wav.wav,-648.2423706054688,60.53657150268555,6.2700347900390625,-0.271664559841156,6.396653175354004,4.69972562789917,2.994518756866455,-0.03709223121404648,1.0156147480010986,0.7327761054039001,-2.7635631561279297,0.34991511702537537,-0.016182545572519302,0.014348062236657303,660.9827373149495,991.0361562214742,1186.9513693820224
buka,dataset48k/train\buka\buka48k-buka_2.wav.wav,-653.9232788085938,60.50766372680664,6.243162631988525,-0.29925984144210815,6.369637966156006,4.676050662994385,2.969130039215088,-0.05897821858525276,1.0019115209579468,0.7246611714363098,-2.7732486724853516,0.33456310629844666,-0.03374481201171875,0.013261773613061799,670.6952005692216,994.1819331153149,1192.679073033708
buka,dataset48k/train\buka\buka48k-buka_20.wav.wav,-792.4305419921875,60.187740325927734,5.8250226974487305,-0.20320111513137817,6.334913730621338,4.416679859161377,2.9834842681884766,-0.10492757707834244,0.8528785109519958,0.7049435377120972,-2.7604684829711914,0.24646425247192383,-0.12736296653747559,0.010543308900983145,659.3799055118549,1058.0998919734413,1123.485779494382
buka,dataset48k/train\buka\buka48k-buka_21.wav.wav,-918.8568725585938,52.96430206298828,-1.7986027002334595,2.893747568130493,9.225892066955566,-0.2917132079601288,3.1976869106292725,3.447889804840088,-0.6102747321128845,-1.4953700304031372,0.45605891942977905,1.5414892435073853,0.8922815322875977,0.00738231453611898,642.4043267759947,1132.9373185102693,1210.3178116147308
buka,dataset48k/train\buka\buka48k-buka_22.wav.wav,-560.1875610351562,57.58564376831055,-1.3811368942260742,1.0608114004135132,12.04973316192627,-1.2388253211975098,2.734658718109131,5.158520221710205,-1.1743409633636475,-1.9182863235473633,0.9771099090576172,1.3451738357543945,1.1527704000473022,0.008125110658640227,510.50365679344327,825.2587204933055,890.8241855524079
buka,dataset48k/train\buka\buka48k-buka_23.wav.wav,-546.38525390625,60.57189178466797,6.29072904586792,-0.2698381543159485,6.4157209396362305,4.723556041717529,2.994988203048706,-0.032821912318468094,1.0348130464553833,0.7501643896102905,-2.755650281906128,0.3552476763725281,-0.013181365095078945,0.015497443381320225,578.3160738128198,887.3346380642458,977.198911516854
buka,dataset48k/train\buka\buka48k-buka_24.wav.wav,-918.8568725585938,52.96430206298828,-1.7986027002334595,2.893747568130493,9.225892066955566,-0.2917132079601288,3.1976869106292725,3.447889804840088,-0.6102747321128845,-1.4953700304031372,0.45605891942977905,1.5414892435073853,0.8922815322875977,0.00738231453611898,642.4043267759947,1132.9373185102693,1210.3178116147308
buka,dataset48k/train\buka\buka48k-buka_25.wav.wav,-588.8233032226562,60.56068801879883,6.2863688468933105,-0.26927614212036133,6.412288188934326,4.7218337059021,2.9939987659454346,-0.03853007033467293,1.0311553478240967,0.7464666366577148,-2.7570724487304688,0.3586033880710602,-0.014814226888120174,0.015016020014044944,605.1694181089287,919.9386492253942,1036.3851825842696
buka,dataset48k/train\buka\buka48k-buka_26.wav.wav,-630.9131469726562,57.5701789855957,-1.3857125043869019,1.0728346109390259,12.0407075881958,-1.2506859302520752,2.7379796504974365,5.153371810913086,-1.1833596229553223,-1.9233903884887695,0.9687292575836182,1.3404781818389893,1.1510002613067627,0.007992320290368272,473.09659596161026,802.3253878338846,809.9548512747875
buka,dataset48k/train\buka\buka48k-buka_27.wav.wav,-611.4545288085938,60.559234619140625,6.285390853881836,-0.2716333568096161,6.408323764801025,4.716451644897461,2.9933102130889893,-0.03639838472008705,1.0273606777191162,0.7461839914321899,-2.751803398132324,0.35612934827804565,-0.020690318197011948,0.014599060744382022,624.3080885694889,945.5240542479401,1090.1729283707866
buka,dataset48k/train\buka\buka48k-buka_28.wav.wav,-1131.3709716796875,0.0,0.0,0.0,0.0,0.0,0.0,0.0,0.0,0.0,0.0,0.0,0.0,0.0,0.0,0.0,0.0
buka,dataset48k/train\buka\buka48k-buka_29.wav.wav,-676.571533203125,60.490787506103516,6.233947277069092,-0.3061172068119049,6.376924514770508,4.671588897705078,2.9633991718292236,-0.060020361095666885,0.9909167289733887,0.7207401394844055,-2.7693560123443604,0.3251558244228363,-0.04660959914326668,0.013282347261235955,692.3571245720677,1020.5559127556925,1237.3814957865168
buka,dataset48k/train\buka\buka48k-buka_3.wav.wav,-662.0192260742188,57.565547943115234,-1.406169056892395,1.0590349435806274,12.034668922424316,-1.2375614643096924,2.748106002807617,5.130074977874756,-1.1955653429031372,-1.906814694404602,0.9682166576385498,1.3197869062423706,1.1497128009796143,0.007948056834277621,473.7394111849023,824.184606990774,828.4127124645893
buka,dataset48k/train\buka\buka48k-buka_30.wav.wav,-664.8536987304688,57.56269454956055,-1.3993504047393799,1.0575960874557495,12.035565376281738,-1.2472469806671143,2.7408528327941895,5.1384100914001465,-1.1871047019958496,-1.9142720699310303,0.9705321192741394,1.3367788791656494,1.1516497135162354,0.007936990970254958,474.5835135264015,826.3840296871392,829.010269121813
buka,dataset48k/train\buka\buka48k-buka_31.wav.wav,-755.2942504882812,57.51255798339844,-1.501863956451416,1.0712382793426514,11.9981689453125,-1.2923585176467896,2.791720390319824,5.079575538635254,-1.211014986038208,-1.8522135019302368,0.9603356122970581,1.2827768325805664,1.1317014694213867,0.007638212641643059,474.67400222640515,861.3871267894965,831.998052407932
buka,dataset48k/train\buka\buka48k-buka_32.wav.wav,-954.9763793945312,49.61238479614258,-0.8048147559165955,3.2431910037994385,7.801334381103516,0.6735224723815918,2.84040904045105,3.1434810161590576,-0.5279608368873596,-1.5510104894638062,0.1636355072259903,1.6888998746871948,0.9574598670005798,0.007185895449716714,714.5298116792782,1238.083707348238,1350.8764164305949
buka,dataset48k/train\buka\buka48k-buka_33.wav.wav,-690.3219604492188,57.54864501953125,-1.4058974981307983,1.0604279041290283,12.024703025817871,-1.251668930053711,2.746823310852051,5.126430034637451,-1.1835147142410278,-1.8969799280166626,0.9586461782455444,1.3166823387145996,1.1511061191558838,0.007881661650141644,463.43809691622766,824.8174239225472,803.1161473087818
buka,dataset48k/train\buka\buka48k-buka_34.wav.wav,-631.2686157226562,60.54385757446289,6.274320602416992,-0.277610182762146,6.393733501434326,4.6955952644348145,2.987673759460449,-0.038114313036203384,1.0174847841262817,0.7410804033279419,-2.7575905323028564,0.34272265434265137,-0.02308243326842785,0.014487963044241573,644.1502627521593,971.744410487693,1146.3965941011236
buka,dataset48k/train\buka\buka48k-buka_35.wav.wav,-752.4319458007812,57.5081672668457,-1.5204029083251953,1.091752052307129,12.017829895019531,-1.3043893575668335,2.795440196990967,5.082036972045898,-1.2099416255950928,-1.8723582029342651,0.9294794201850891,1.2856533527374268,1.148866057395935,0.007638212641643059,473.6030228025049,858.9538581929719,827.8151558073654
buka,dataset48k/train\buka\buka48k-buka_36.wav.wav,-707.271484375,57.54342269897461,-1.4250410795211792,1.0727120637893677,12.020944595336914,-1.2626129388809204,2.7616724967956543,5.1205244064331055,-1.2132114171981812,-1.9082907438278198,0.9793421030044556,1.3298195600509644,1.1442844867706299,0.00782633233002833,473.129011700252,838.6224009897692,826.4208569405099
buka,dataset48k/train\buka\buka48k-buka_37.wav.wav,-634.1131591796875,60.5156135559082,6.251781463623047,-0.29773807525634766,6.385462284088135,4.697044849395752,2.9806957244873047,-0.05143917724490166,1.0120309591293335,0.7304036021232605,-2.767401933670044,0.339231938123703,-0.02486385405063629,0.014382351650280898,653.4004713680916,976.2765898733222,1173.0600421348315
buka,dataset48k/train\buka\buka48k-buka_38.wav.wav,-710.0820922851562,57.55261993408203,-1.4303979873657227,1.0629737377166748,12.012540817260742,-1.2714656591415405,2.755420684814453,5.106442451477051,-1.1987768411636353,-1.895837664604187,0.9585688710212708,1.3081533908843994,1.1598519086837769,0.007726739553824363,475.60348436194323,839.1497453500684,823.5658640226629
buka,dataset48k/train\buka\buka48k-buka_39.wav.wav,-588.4736938476562,57.583194732666016,-1.3847887516021729,1.063153624534607,12.047959327697754,-1.241747498512268,2.733503580093384,5.155820369720459,-1.1780927181243896,-1.9232035875320435,0.9766626358032227,1.3466521501541138,1.151843786239624,0.008036583746458924,522.2194334478612,842.0019146027241,934.3130311614731
buka,dataset48k/train\buka\buka48k-buka_4.wav.wav,-1131.3709716796875,0.0,0.0,0.0,0.0,0.0,0.0,0.0,0.0,0.0,0.0,0.0,0.0,0.0,0.0,0.0,0.0
buka,dataset48k/train\buka\buka48k-buka_40.wav.wav,-639.7647705078125,60.52079391479492,6.2515387535095215,-0.2859337627887726,6.396072864532471,4.703347682952881,2.9912991523742676,-0.04083508998155594,1.0142381191253662,0.7409914135932922,-2.754856586456299,0.3357164263725281,-0.03635038062930107,0.014371379037921348,656.4505353083864,981.8057789541804,1178.4585674157304
buka,dataset48k/train\buka\buka48k-buka_41.wav.wav,-1131.3709716796875,0.0,0.0,0.0,0.0,0.0,0.0,0.0,0.0,0.0,0.0,0.0,0.0,0.0,0.0,0.0,0.0
buka,dataset48k/train\buka\buka48k-buka_42.wav.wav,-685.0422973632812,60.487613677978516,6.238043308258057,-0.2964237630367279,6.360387325286865,4.654959201812744,2.9667153358459473,-0.06690584868192673,0.9862145185470581,0.722217857837677,-2.757681131362915,0.32582375407218933,-0.060335565358400345,0.01317262113764045,701.678095968694,1032.0650997508703,1256.6713483146068
buka,dataset48k/train\buka\buka48k-buka_43.wav.wav,-577.500244140625,60.56977844238281,6.289772987365723,-0.2681666910648346,6.41542387008667,4.720951080322266,2.9944896697998047,-0.033365484327077866,1.0346293449401855,0.7543012499809265,-2.754037857055664,0.3544708490371704,-0.01155638974159956,0.014981730600421348,588.834086068176,908.7281556272673,996.5545997191011
buka,dataset48k/train\buka\buka48k-buka_44.wav.wav,-642.2291259765625,57.567527770996094,-1.3915362358093262,1.058664321899414,12.030608177185059,-1.2456161975860596,2.7433958053588867,5.148259162902832,-1.1767972707748413,-1.919567584991455,0.9645977020263672,1.3418165445327759,1.1579383611679077,0.007981254426345608,478.28271500165937,809.7843743269642,822.5699362606232
buka,dataset48k/train\buka\buka48k-buka_45.wav.wav,-778.3914794921875,60.28644943237305,6.018644332885742,-0.25903457403182983,6.289165496826172,4.456995487213135,2.9454495906829834,-0.09295576810836792,0.8814318180084229,0.6791413426399231,-2.7488455772399902,0.2908332049846649,-0.1634638011455536,0.01081762420997191,652.2813363460081,1055.6400684875682,1121.708216292135
buka,dataset48k/train\buka\buka48k-buka_46.wav.wav,-600.1520385742188,60.546546936035156,6.272329330444336,-0.2836536765098572,6.400422096252441,4.712695121765137,2.9921181201934814,-0.040533773601055145,1.0156105756759644,0.7408564686775208,-2.756660223007202,0.3424278795719147,-0.02303348481655121,0.014685470066713483,618.8656961618157,934.6561873826616,1077.269136235955
buka,dataset48k/train\buka\buka48k-buka_47.wav.wav,-616.7592163085938,57.57680130004883,-1.3927651643753052,1.0655633211135864,12.043911933898926,-1.2424731254577637,2.7361838817596436,5.147749900817871,-1.1804206371307373,-1.9105366468429565,0.9739016890525818,1.3368302583694458,1.1525421142578125,0.007970188562322946,511.80742636675546,835.3198063708169,901.9785764872521
buka,dataset48k/train\buka\buka48k-buka_48.wav.wav,-650.7117309570312,57.567134857177734,-1.3950526714324951,1.066425085067749,12.040334701538086,-1.245378851890564,2.735536813735962,5.142033100128174,-1.179610252380371,-1.918946385383606,0.9616920351982117,1.3403431177139282,1.1548213958740234,0.007970188562322946,481.8954928629047,815.8072334560071,829.275849858357
buka,dataset48k/train\buka\buka48k-buka_49.wav.wav,-1016.714599609375,42.995113372802734,0.44419407844543457,3.9399662017822266,5.746358871459961,1.7267879247665405,2.5231239795684814,2.354635715484619,-0.4099321663379669,-1.3313161134719849,0.12121106684207916,1.5394099950790405,0.8561021089553833,0.006710063296742209,853.8914974547007,1412.2478635382367,1642.0192988668555
buka,dataset48k/train\buka\buka48k-buka_5.wav.wav,-758.5933837890625,60.36419677734375,6.0900139808654785,-0.301486074924469,6.331202983856201,4.589958667755127,2.9540927410125732,-0.1336381882429123,0.8910201787948608,0.6768302321434021,-2.772535800933838,0.3165304660797119,-0.09271694719791412,0.011429347349016855,634.3088027633024,1024.4861853300208,1093.5963834269662
buka,dataset48k/train\buka\buka48k-buka_50.wav.wav,-783.467041015625,57.47244644165039,-1.5682588815689087,1.0938810110092163,11.971112251281738,-1.3727949857711792,2.8317840099334717,5.049801826477051,-1.2152559757232666,-1.860085129737854,0.9110655784606934,1.2894757986068726,1.1605762243270874,0.007616080913597734,496.09754648089796,893.8664394466721,883.1887393767705
buka,dataset48k/train\buka\buka48k-buka_51.wav.wav,-1012.6258544921875,48.551856994628906,4.752389907836914,2.6070940494537354,3.7384557723999023,3.810116767883301,3.0500357151031494,-0.015776731073856354,-0.1958782821893692,0.04267866164445877,-1.1814028024673462,-0.6811264157295227,-0.4929312467575073,0.0065794526860955055,905.7165969674788,1491.8147579039078,1789.940308988764
buka,dataset48k/train\buka\buka48k-buka_52.wav.wav,-783.467041015625,57.47244644165039,-1.5682588815689087,1.0938810110092163,11.971112251281738,-1.3727949857711792,2.8317840099334717,5.049801826477051,-1.2152559757232666,-1.860085129737854,0.9110655784606934,1.2894757986068726,1.1605762243270874,0.007616080913597734,496.09754648089796,893.8664394466721,883.1887393767705
buka,dataset48k/train\buka\buka48k-buka_53.wav.wav,-602.6167602539062,57.58012771606445,-1.3848193883895874,1.0647544860839844,12.045340538024902,-1.2451666593551636,2.73858904838562,5.15360164642334,-1.1828205585479736,-1.9185222387313843,0.9767335653305054,1.3412529230117798,1.1537929773330688,0.008003386154390935,507.71284230719056,828.6106576991177,894.5423158640226
buka,dataset48k/train\buka\buka48k-buka_54.wav.wav,-679.0033569335938,57.55278396606445,-1.3945943117141724,1.061285138130188,12.028209686279297,-1.2511777877807617,2.7473154067993164,5.131903648376465,-1.188080906867981,-1.91567862033844,0.9605675935745239,1.3337682485580444,1.1515134572982788,0.007914859242209632,482.298382714951,835.4239815960955,846.2730169971671
buka,dataset48k/train\buka\buka48k-buka_55.wav.wav,-662.4093017578125,60.50331497192383,6.240919589996338,-0.2887555956840515,6.378912925720215,4.675290107727051,2.975287675857544,-0.051570333540439606,1.0018415451049805,0.7284882664680481,-2.765796422958374,0.3356902003288269,-0.0346485935151577,0.013195937938904494,676.7961927729816,1004.028227906054,1209.2696629213483
buka,dataset48k/train\buka\buka48k-buka_56.wav.wav,-738.3539428710938,57.5297966003418,-1.450111985206604,1.0848299264907837,12.011569023132324,-1.2987512350082397,2.760469436645508,5.107528209686279,-1.1890181303024292,-1.8945248126983643,0.9396183490753174,1.3047091960906982,1.1384954452514648,0.007704607825779037,488.20558660966486,864.1944573211276,856.0995042492918
buka,dataset48k/train\buka\buka48k-buka_57.wav.wav,-780.6617431640625,57.476707458496094,-1.5732342004776,1.101770281791687,11.983404159545898,-1.348585605621338,2.8151795864105225,5.0441155433654785,-1.2427172660827637,-1.860720157623291,0.9302242994308472,1.3009705543518066,1.1782195568084717,0.007593949185552408,492.6472282083074,889.1925540491156,871.1712110481586
buka,dataset48k/train\buka\buka48k-buka_58.wav.wav,-1131.3709716796875,0.0,0.0,0.0,0.0,0.0,0.0,0.0,0.0,0.0,0.0,0.0,0.0,0.0,0.0,0.0,0.0
buka,dataset48k/train\buka\buka48k-buka_59.wav.wav,-769.3871459960938,57.5120964050293,-1.5110160112380981,1.0703206062316895,11.976255416870117,-1.3352923393249512,2.7966203689575195,5.060272693634033,-1.2461286783218384,-1.8888098001480103,0.9554654359817505,1.306092381477356,1.1431527137756348,0.007605015049575071,485.27389919377697,875.936995516179,855.8339235127479
buka,dataset48k/train\buka\buka48k-buka_6.wav.wav,-767.0653686523438,60.3237190246582,6.021368026733398,-0.3075456917285919,6.293982982635498,4.50436544418335,2.9333908557891846,-0.12618564069271088,0.8899813890457153,0.6940051317214966,-2.7468106746673584,0.2911258637905121,-0.13880431652069092,0.011078223753511236,644.9047445376245,1037.476593689966,1109.396945224719
buka,dataset48k/train\buka\buka48k-buka_60.wav.wav,-594.13330078125,57.5786247253418,-1.38517427444458,1.063116192817688,12.047286987304688,-1.240404725074768,2.735873222351074,5.1558709144592285,-1.1751399040222168,-1.9224404096603394,0.9722013473510742,1.3511549234390259,1.154787540435791,0.008003386154390935,505.1571333036477,824.2293276519287,889.3634915014164
buka,dataset48k/train\buka\buka48k-buka_61.wav.wav,-596.9664306640625,57.58254623413086,-1.381274938583374,1.064117670059204,12.039864540100098,-1.2442960739135742,2.7361104488372803,5.1580095291137695,-1.1754028797149658,-1.9166216850280762,0.9744603037834167,1.3426094055175781,1.1498796939849854,0.008014452018413597,505.89686206193204,825.7503193603405,890.625
buka,dataset48k/train\buka\buka48k-buka_62.wav.wav,-693.1524047851562,57.55343246459961,-1.3882637023925781,1.0699152946472168,12.017203330993652,-1.265761375427246,2.7515363693237305,5.1343584060668945,-1.1943142414093018,-1.918811321258545,0.9698918461799622,1.3334037065505981,1.14968740940094,0.007848464058073655,464.48084046750455,826.3119283115149,805.439978753541
buka,dataset48k/train\buka\buka48k-buka_63.wav.wav,-893.0440673828125,55.217376708984375,-2.139383554458618,2.444270610809326,10.13541316986084,-0.949558436870575,3.485065460205078,3.784844398498535,-0.6647047400474548,-1.6159666776657104,0.43304288387298584,1.565846562385559,0.9122006893157959,0.0074265779922096315,598.014879368649,1066.9451975452278,1112.5177053824364
buka,dataset48k/train\buka\buka48k-buka_64.wav.wav,-662.0192260742188,57.565547943115234,-1.406169056892395,1.0590349435806274,12.034668922424316,-1.2375614643096924,2.748106002807617,5.130074977874756,-1.1955653429031372,-1.906814694404602,0.9682166576385498,1.3197869062423706,1.1497128009796143,0.007948056834277621,473.7394111849023,824.184606990774,828.4127124645893
buka,dataset48k/train\buka\buka48k-buka_65.wav.wav,-546.38525390625,60.57189178466797,6.29072904586792,-0.2698381543159485,6.4157209396362305,4.723556041717529,2.994988203048706,-0.032821912318468094,1.0348130464553833,0.7501643896102905,-2.755650281906128,0.3552476763725281,-0.013181365095078945,0.015497443381320225,578.3160738128198,887.3346380642458,977.198911516854
buka,dataset48k/train\buka\buka48k-buka_66.wav.wav,-639.7647705078125,60.52079391479492,6.2515387535095215,-0.2859337627887726,6.396072864532471,4.703347682952881,2.9912991523742676,-0.04083508998155594,1.0142381191253662,0.7409914135932922,-2.754856586456299,0.3357164263725281,-0.03635038062930107,0.014371379037921348,656.4505353083864,981.8057789541804,1178.4585674157304
buka,dataset48k/train\buka\buka48k-buka_67.wav.wav,-721.40625,57.544124603271484,-1.4236817359924316,1.0758817195892334,12.009317398071289,-1.2742141485214233,2.7523536682128906,5.106342792510986,-1.2048168182373047,-1.9106963872909546,0.9479057192802429,1.3350931406021118,1.1605240106582642,0.007726739553824363,482.35758100286927,849.0451539031902,836.9112960339943
buka,dataset48k/train\buka\buka48k-buka_68.wav.wav,-585.6463012695312,57.57945251464844,-1.385876178741455,1.0633622407913208,12.045446395874023,-1.239516258239746,2.7404112815856934,5.153952598571777,-1.1782612800598145,-1.9168341159820557,0.975051760673523,1.343362808227539,1.1555488109588623,0.00805871547450425,521.6712354871719,840.9106506927845,933.7154745042493
buka,dataset48k/train\buka\buka48k-buka_69.wav.wav,-730.3299560546875,60.4218635559082,6.155647277832031,-0.30649471282958984,6.338488578796387,4.6103034019470215,2.9678761959075928,-0.08194955438375473,0.9442862272262573,0.7160912156105042,-2.773249864578247,0.29535990953445435,-0.06141885370016098,0.012274238500702247,737.7832144698782,1067.1804729774794,1280.3063553370787
buka,dataset48k/train\buka\buka48k-buka_7.wav.wav,-605.8075561523438,60.54624938964844,6.274027347564697,-0.27999722957611084,6.399337291717529,4.706692695617676,2.9886629581451416,-0.045652154833078384,1.016223669052124,0.7454341650009155,-2.7528581619262695,0.34521937370300293,-0.020696403458714485,0.014611404933286517,622.2313912051953,941.2039329673865,1087.3419943820224
buka,dataset48k/train\buka\buka48k-buka_70.wav.wav,-687.8749389648438,60.49711608886719,6.235601902008057,-0.3073546886444092,6.3622846603393555,4.6617817878723145,2.9703757762908936,-0.05703846737742424,0.9885161519050598,0.7264400124549866,-2.754927396774292,0.32405099272727966,-0.054127126932144165,0.013161648525280898,703.8548519743748,1035.8265286546462,1261.2140098314608
buka,dataset48k/train\buka\buka48k-buka_71.wav.wav,-605.4498291015625,57.580867767333984,-1.3836408853530884,1.0608861446380615,12.043302536010742,-1.2365944385528564,2.739468812942505,5.150353908538818,-1.1790319681167603,-1.916226863861084,0.9708272814750671,1.3373295068740845,1.154831051826477,0.007992320290368272,508.6695005909835,829.8072422988876,896.7997521246459
buka,dataset48k/train\buka\buka48k-buka_72.wav.wav,-685.0422973632812,60.487613677978516,6.238043308258057,-0.2964237630367279,6.360387325286865,4.654959201812744,2.9667153358459473,-0.06690584868192673,0.9862145185470581,0.722217857837677,-2.757681131362915,0.32582375407218933,-0.060335565358400345,0.01317262113764045,701.678095968694,1032.0650997508703,1256.6713483146068
buka,dataset48k/train\buka\buka48k-buka_73.wav.wav,-648.2423706054688,60.53657150268555,6.2700347900390625,-0.271664559841156,6.396653175354004,4.69972562789917,2.994518756866455,-0.03709223121404648,1.0156147480010986,0.7327761054039001,-2.7635631561279297,0.34991511702537537,-0.016182545572519302,0.014348062236657303,660.9827373149495,991.0361562214742,1186.9513693820224
buka,dataset48k/train\buka\buka48k-buka_74.wav.wav,-735.5502319335938,57.52484893798828,-1.449670433998108,1.0891005992889404,12.009835243225098,-1.279701828956604,2.7707903385162354,5.110509872436523,-1.2156360149383545,-1.915658950805664,0.9377168416976929,1.317609190940857,1.1557036638259888,0.007715673689801699,486.0318604865548,860.2250692055495,849.9911473087818
buka,dataset48k/train\buka\buka48k-buka_75.wav.wav,-710.53369140625,60.43975067138672,6.183169841766357,-0.3150418698787689,6.3375091552734375,4.644951820373535,2.967984676361084,-0.08771729469299316,0.9501528143882751,0.6937594413757324,-2.7822391986846924,0.30434074997901917,-0.06615636497735977,0.012227604898174158,716.3950958213317,1041.5786679900264,1248.3760533707866
buka,dataset48k/train\buka\buka48k-buka_76.wav.wav,-695.9730834960938,57.54579162597656,-1.4049503803253174,1.070556640625,12.024884223937988,-1.261785626411438,2.7403218746185303,5.120973587036133,-1.177512526512146,-1.9008585214614868,0.9586859345436096,1.3282955884933472,1.1448904275894165,0.007848464058073655,466.26378731845983,828.9878299056649,810.7515934844192
buka,dataset48k/train\buka\buka48k-buka_77.wav.wav,-764.2492065429688,60.307682037353516,6.017960071563721,-0.289481520652771,6.310637474060059,4.52706241607666,2.9476664066314697,-0.10800376534461975,0.8884103894233704,0.6780166029930115,-2.7730753421783447,0.2849902808666229,-0.11396978050470352,0.011067251141151686,641.4259858256735,1030.6478127242094,1104.6567766853932
buka,dataset48k/train\buka\buka48k-buka_78.wav.wav,-650.7117309570312,57.567134857177734,-1.3950526714324951,1.066425085067749,12.040334701538086,-1.245378851890564,2.735536813735962,5.142033100128174,-1.179610252380371,-1.918946385383606,0.9616920351982117,1.3403431177139282,1.1548213958740234,0.007970188562322946,481.8954928629047,815.8072334560071,829.275849858357
buka,dataset48k/train\buka\buka48k-buka_79.wav.wav,-795.2449340820312,60.1923828125,5.824251651763916,-0.22206373512744904,6.3353657722473145,4.421493053436279,3.019103765487671,-0.0684872716665268,0.84593665599823,0.6742514967918396,-2.754814386367798,0.2590877115726471,-0.15784943103790283,0.010510391063904494,663.1823716819385,1064.4346249280884,1131.517731741573
buka,dataset48k/train\buka\buka48k-buka_8.wav.wav,-599.79345703125,57.58186340332031,-1.3835318088531494,1.0658308267593384,12.045318603515625,-1.2411561012268066,2.733957529067993,5.152174472808838,-1.1782667636871338,-1.9189602136611938,0.9706764817237854,1.3445805311203003,1.1555910110473633,0.008003386154390935,506.90649016328877,827.1226646685996,892.9488314447592
buka,dataset48k/train\buka\buka48k-buka_80.wav.wav,-579.9954223632812,57.57905578613281,-1.3811392784118652,1.0648802518844604,12.04605484008789,-1.2391592264175415,2.7375593185424805,5.154821872711182,-1.176390528678894,-1.9209785461425781,0.9711467027664185,1.3444819450378418,1.1554495096206665,0.008069781338526913,520.262240372424,838.4759993821701,930.7276912181303
buka,dataset48k/train\buka\buka48k-buka_81.wav.wav,-684.644287109375,57.55326461791992,-1.4098371267318726,1.0774431228637695,12.012346267700195,-1.2607814073562622,2.763383388519287,5.126753330230713,-1.2002193927764893,-1.9059151411056519,0.9483098983764648,1.3149223327636719,1.1621724367141724,0.007914859242209632,485.5477604546125,841.1893974562661,853.5100920679887
buka,dataset48k/train\buka\buka48k-buka_82.wav.wav,-670.5158081054688,57.55958938598633,-1.392005205154419,1.0663278102874756,12.031034469604492,-1.2561554908752441,2.744811773300171,5.136127948760986,-1.196256160736084,-1.9131848812103271,0.9750158786773682,1.3305845260620117,1.1369215250015259,0.007925925106232294,477.35478093210867,830.5119901824538,835.9817634560907
buka,dataset48k/train\buka\buka48k-buka_83.wav.wav,-707.271484375,57.54342269897461,-1.4250410795211792,1.0727120637893677,12.020944595336914,-1.2626129388809204,2.7616724967956543,5.1205244064331055,-1.2132114171981812,-1.9082907438278198,0.9793421030044556,1.3298195600509644,1.1442844867706299,0.00782633233002833,473.129011700252,838.6224009897692,826.4208569405099
buka,dataset48k/train\buka\buka48k-buka_84.wav.wav,-713.3749389648438,60.43971633911133,6.194585800170898,-0.31104305386543274,6.3529791831970215,4.636136531829834,2.9546046257019043,-0.08066653460264206,0.9497766494750977,0.699715256690979,-2.7759182453155518,0.30343127250671387,-0.06348710507154465,0.012238577510533708,717.7435520544418,1044.3373152714576,1249.956109550562
buka,dataset48k/train\buka\buka48k-buka_85.wav.wav,-749.6473999023438,57.53037643432617,-1.461051106452942,1.0755091905593872,11.98855209350586,-1.3001600503921509,2.7730729579925537,5.082572937011719,-1.2080127000808716,-1.9030163288116455,0.9487007260322571,1.3270668983459473,1.1660044193267822,0.007638212641643059,472.3163754412111,856.9633790995669,824.4953966005666
buka,dataset48k/train\buka\buka48k-buka_86.wav.wav,-577.1609497070312,57.58383560180664,-1.380963921546936,1.0589849948883057,12.04469108581543,-1.2384774684906006,2.7397985458374023,5.155151844024658,-1.1775610446929932,-1.9191415309906006,0.975298285484314,1.3442914485931396,1.1548702716827393,0.0081029789305949,514.0555466939512,831.4303928552073,897.1317280453258
buka,dataset48k/train\buka\buka48k-buka_87.wav.wav,-872.4512939453125,56.4337158203125,-2.2522940635681152,1.9887590408325195,10.977461814880371,-1.4268275499343872,3.5598840713500977,4.043583393096924,-0.8598299026489258,-1.577990174293518,0.4843563139438629,1.5487440824508667,1.071649432182312,0.007515104904390934,565.8223672180168,1016.093126176494,1034.6361543909347
buka,dataset48k/train\buka\buka48k-buka_88.wav.wav,-764.8468017578125,57.59412384033203,-1.3765041828155518,0.8667650818824768,11.788898468017578,-1.2174049615859985,2.8213179111480713,5.164059162139893,-1.163330078125,-2.041041135787964,0.9463551640510559,1.2294081449508667,0.8458126187324524,0.007859002976190476,503.0112255899572,883.2249462525216,886.1607142857143
buka,dataset48k/train\buka\buka48k-buka_89.wav.wav,-673.8740234375,60.32868957519531,6.308835506439209,-0.2698865234851837,6.504098415374756,4.649416923522949,2.91959810256958,-0.03509329631924629,0.8234843015670776,0.5211852192878723,-2.6335935592651367,0.47131896018981934,0.007655881345272064,0.012973233588836479,706.1161662781394,1048.6946462599055,1291.2735849056603
buka,dataset48k/train\buka\buka48k-buka_9.wav.wav,-690.3219604492188,57.54864501953125,-1.4058974981307983,1.0604279041290283,12.024703025817871,-1.251668930053711,2.746823310852051,5.126430034637451,-1.1835147142410278,-1.8969799280166626,0.9586461782455444,1.3166823387145996,1.1511061191558838,0.007881661650141644,463.43809691622766,824.8174239225472,803.1161473087818
buka,dataset48k/train\buka\buka48k-buka_90.wav.wav,-699.87646484375,57.672000885009766,-1.2726548910140991,0.8558354377746582,11.840371131896973,-1.1685289144515991,2.756037950515747,5.237757205963135,-1.1351327896118164,-2.0803329944610596,0.9673107266426086,1.2414368391036987,0.855301558971405,0.007921006944444444,490.36155299009414,840.6418187136001,853.6458333333334
buka,dataset48k/train\buka\buka48k-buka_91.wav.wav,-764.413330078125,60.14197540283203,6.103326797485352,-0.29556331038475037,6.4326348304748535,4.550971031188965,2.915026903152466,-0.111604705452919,0.7524519562721252,0.5095943212509155,-2.6248459815979004,0.4453406035900116,-0.0620574951171875,0.011205901139937106,669.2550887266912,1041.6060021090755,1147.1845518867924
buka,dataset48k/train\buka\buka48k-buka_92.wav.wav,-637.0714721679688,60.36141586303711,6.348091125488281,-0.2516329884529114,6.513198375701904,4.67837381362915,2.946640729904175,-0.021065477281808853,0.8498721122741699,0.5382016897201538,-2.6329312324523926,0.48809555172920227,0.013119775801897049,0.014006608687106918,664.7640746978387,1000.3447598792276,1202.903891509434
buka,dataset48k/train\buka\buka48k-buka_93.wav.wav,-761.5971069335938,60.14029312133789,6.104528903961182,-0.3019650876522064,6.452082633972168,4.5532402992248535,2.8940465450286865,-0.10634550452232361,0.7550734877586365,0.5199476480484009,-2.6109673976898193,0.4304885268211365,-0.07086474448442459,0.011218184944968554,666.8331037229763,1037.8829487808944,1142.9834905660377
buka,dataset48k/train\buka\buka48k-buka_94.wav.wav,-603.1190795898438,60.381866455078125,6.362878799438477,-0.24536554515361786,6.520105361938477,4.684760570526123,2.9511983394622803,-0.013180523179471493,0.8498910665512085,0.5447543859481812,-2.624357223510742,0.49104559421539307,0.013901044614613056,0.014226181702044025,629.6300054020122,960.1922588125157,1117.0400943396226
buka,dataset48k/train\buka\buka48k-buka_95.wav.wav,-592.3910522460938,57.7053337097168,-1.2399381399154663,0.8753865361213684,11.888416290283203,-1.138596534729004,2.746272325515747,5.281553268432617,-1.1113476753234863,-2.0936009883880615,0.9814552068710327,1.253551959991455,0.845995306968689,0.008142671130952382,624.645916460495,914.7851626896711,1108.779761904762
buka,dataset48k/train\buka\buka48k-buka_96.wav.wav,-569.76318359375,57.706974029541016,-1.2393802404403687,0.8697725534439087,11.885516166687012,-1.1416019201278687,2.742311716079712,5.286592960357666,-1.1022670269012451,-2.0938494205474854,0.9809331893920898,1.2552294731140137,0.8489661812782288,0.008192274305555556,612.2815088701498,901.68713894656,1086.6815476190477
buka,dataset48k/train\buka\buka48k-buka_97.wav.wav,-719.1591186523438,60.27470779418945,6.2663679122924805,-0.280635803937912,6.473815441131592,4.6197404861450195,2.9298908710479736,-0.04740051552653313,0.7922887206077576,0.5108323097229004,-2.648721218109131,0.45699411630630493,0.006086817476898432,0.012104154382861635,699.6823914904829,1039.378544834229,1220.9610849056603
buka,dataset48k/train\buka\buka48k-buka_98.wav.wav,-615.878173828125,60.30875015258789,6.1770548820495605,-0.20497682690620422,6.5140886306762695,4.725264072418213,3.023813247680664,-0.08758866041898727,0.967815637588501,0.5865850448608398,-2.8279073238372803,0.23824474215507507,-0.21215467154979706,0.014615885416666667,689.3159029029368,1016.7142151434983,1234.9506578947369
buka,dataset48k/train\buka\buka48k-buka_99.wav.wav,-785.6107177734375,59.97187423706055,5.785454750061035,-0.23076942563056946,6.400658130645752,4.48686408996582,3.003577470779419,-0.15933795273303986,0.782386302947998,0.534561276435852,-2.772252321243286,0.18418268859386444,-0.3262304365634918,0.010968338815789474,697.3200738449004,1104.0420094684252,1231.9901315789473
tutup,dataset48k/train\tutup\tutup48k-tutup_0.wav.wav,-681.2945556640625,68.81086730957031,-7.363742351531982,3.8224081993103027,17.60224723815918,-8.701658248901367,3.467409610748291,4.375013828277588,-2.790306329727173,-1.325026512145996,1.7519571781158447,1.5513228178024292,-0.6068508625030518,0.022837256170382167,1004.5870052756505,1335.626425961037,1619.7253184713377
tutup,dataset48k/train\tutup\tutup48k-tutup_1.wav.wav,-697.64306640625,59.76911926269531,-5.943668842315674,3.805471658706665,15.083610534667969,-6.777073383331299,1.9756797552108765,4.128111839294434,-2.4461443424224854,-1.431174635887146,1.568443775177002,1.6376217603683472,-0.03842560574412346,0.022401173909505207,914.6774625752951,1241.2590617680873,1421.142578125
tutup,dataset48k/train\tutup\tutup48k-tutup_10.wav.wav,-581.566162109375,59.87022399902344,-5.901761531829834,3.831087350845337,15.1196928024292,-6.776429653167725,1.999605655670166,4.218673229217529,-2.4123857021331787,-1.423577904701233,1.6048088073730469,1.6399493217468262,-0.058321475982666016,0.022614796956380207,877.7003945738552,1166.5749727804243,1355.1025390625
tutup,dataset48k/train\tutup\tutup48k-tutup_100.wav.wav,-715.89453125,59.8398323059082,-5.920089244842529,3.6810319423675537,14.834230422973633,-6.412073135375977,2.2477593421936035,4.336210250854492,-2.516986846923828,-1.311307668685913,1.4729902744293213,1.4234890937805176,-0.3292618691921234,0.022568739853896104,972.0044432345943,1305.5667194859302,1552.6582792207791
tutup,dataset48k/train\tutup\tutup48k-tutup_101.wav.wav,-520.6055908203125,60.01353073120117,-5.8248724937438965,3.7066433429718018,14.907549858093262,-6.3681230545043945,2.236199378967285,4.383389472961426,-2.5312368869781494,-1.3754470348358154,1.4907991886138916,1.4461525678634644,-0.3243134617805481,0.023291649756493508,922.548742994895,1199.2734477820266,1451.5269886363637
tutup,dataset48k/train\tutup\tutup48k-tutup_102.wav.wav,-605.8211059570312,61.172325134277344,-3.3989646434783936,0.6316314935684204,10.707958221435547,-2.0151419639587402,2.5880794525146484,0.5377905964851379,-0.5278350114822388,-2.285773754119873,-3.1579742431640625,1.7335538864135742,-1.151694655418396,0.018956898834745762,968.6785114499279,1268.2902274766946,1715.227754237288
tutup,dataset48k/train\tutup\tutup48k-tutup_103.wav.wav,-557.3880615234375,59.99967575073242,-5.829111099243164,3.7063777446746826,14.904539108276367,-6.370965003967285,2.2322776317596436,4.3768463134765625,-2.5318987369537354,-1.370673418045044,1.4959381818771362,1.44657301902771,-0.32565179467201233,0.023215553977272728,934.3535130906339,1217.9712324976094,1474.0513392857142
tutup,dataset48k/train\tutup\tutup48k-tutup_104.wav.wav,-617.1426391601562,61.17050552368164,-3.399024724960327,0.6360732316970825,10.713238716125488,-1.9995598793029785,2.6055421829223633,0.5454136729240417,-0.5227680802345276,-2.278482437133789,-3.1521828174591064,1.7378000020980835,-1.155347228050232,0.018917174258474577,976.6132677150204,1277.7431261300035,1734.772245762712
tutup,dataset48k/train\tutup\tutup48k-tutup_105.wav.wav,-727.6983642578125,60.82706069946289,-3.5794029235839844,0.5924800634384155,10.592737197875977,-2.11061692237854,2.544614791870117,0.47331252694129944,-0.5381672382354736,-2.3043360710144043,-3.245898962020874,1.6595815420150757,-1.2017568349838257,0.01765922934322034,1005.1547450358432,1296.2312720951388,1815.6514830508474
tutup,dataset48k/train\tutup\tutup48k-tutup_106.wav.wav,-733.443115234375,60.719966888427734,-3.64730167388916,0.5767155885696411,10.586771965026855,-2.154512882232666,2.5083048343658447,0.40574145317077637,-0.6120399832725525,-2.325394868850708,-3.2369637489318848,1.6301223039627075,-1.217574954032898,0.017290121822033898,965.6485798818114,1257.3491968347942,1722.854872881356
tutup,dataset48k/train\tutup\tutup48k-tutup_107.wav.wav,-665.3722534179688,60.99385452270508,-3.497608184814453,0.5957496762275696,10.645554542541504,-2.0910181999206543,2.5322322845458984,0.48859572410583496,-0.5646031498908997,-2.305354356765747,-3.1904985904693604,1.6906009912490845,-1.1807912588119507,0.018177304025423727,1012.1144003578779,1310.1028443345917,1837.9766949152543
tutup,dataset48k/train\tutup\tutup48k-tutup_108.wav.wav,-506.4513854980469,60.01958084106445,-5.827606201171875,3.7078921794891357,14.909942626953125,-6.369768142700195,2.2325327396392822,4.381350517272949,-2.5328564643859863,-1.3775726556777954,1.4912500381469727,1.4490019083023071,-0.3216695487499237,0.023329697646103896,919.9344105115304,1193.501772346311,1448.330965909091
tutup,dataset48k/train\tutup\tutup48k-tutup_109.wav.wav,-707.6314697265625,60.47136688232422,-5.865945339202881,3.6972599029541016,15.009119987487793,-6.614987373352051,2.4648919105529785,4.294334411621094,-2.60378098487854,-1.3722084760665894,1.588977336883545,1.5050338506698608,-0.47770956158638,0.022567085597826088,956.0822861696133,1290.4618866182623,1515.4551630434783
tutup,dataset48k/train\tutup\tutup48k-tutup_11.wav.wav,-663.6720581054688,59.797733306884766,-5.920077800750732,3.8278303146362305,15.107337951660156,-6.780874252319336,1.9809517860412598,4.163736343383789,-2.430004596710205,-1.4287123680114746,1.5900568962097168,1.6304148435592651,-0.062157630920410156,0.022604624430338543,885.327773969851,1203.2370313112642,1362.548828125
tutup,dataset48k/train\tutup\tutup48k-tutup_110.wav.wav,-696.3221435546875,61.194679260253906,-3.6068174839019775,0.6723632216453552,10.768630027770996,-2.0477089881896973,2.607595443725586,0.5575814843177795,-0.5580849647521973,-2.188127279281616,-3.0745697021484375,1.7950248718261719,-1.2044237852096558,0.017721845518867924,1053.4144526554114,1307.8219582959925,1868.0129716981132
tutup,dataset48k/train\tutup\tutup48k-tutup_111.wav.wav,-645.3523559570312,60.5482177734375,-5.828003883361816,3.71978759765625,15.062073707580566,-6.610324859619141,2.4587812423706055,4.33801794052124,-2.630566120147705,-1.3835885524749756,1.655636191368103,1.5466631650924683,-0.4693910777568817,0.022834224977355072,928.0446375890251,1241.7178602521058,1454.9082880434783
tutup,dataset48k/train\tutup\tutup48k-tutup_112.wav.wav,-699.1248168945312,61.237857818603516,-3.6011033058166504,0.6703450679779053,10.782744407653809,-2.0502355098724365,2.6000072956085205,0.553468644618988,-0.5576043725013733,-2.1809957027435303,-3.086000680923462,1.7943419218063354,-1.176225185394287,0.017721845518867924,1053.8843642551096,1308.5915967551327,1868.632075471698
tutup,dataset48k/train\tutup\tutup48k-tutup_113.wav.wav,-772.7804565429688,60.835166931152344,-3.848449945449829,0.7339728474617004,10.679916381835938,-2.2135660648345947,2.5790698528289795,0.4449181854724884,-0.6443869471549988,-2.194159507751465,-3.0925724506378174,1.7398936748504639,-1.2306205034255981,0.017060362617924527,939.2467739563335,1259.592262076823,1714.3867924528302
tutup,dataset48k/train\tutup\tutup48k-tutup_114.wav.wav,-730.3607788085938,61.077430725097656,-3.651832342147827,0.6702579259872437,10.751642227172852,-2.095379114151001,2.5837910175323486,0.5103946924209595,-0.6037402749061584,-2.209254026412964,-3.0928945541381836,1.764989972114563,-1.1969858407974243,0.01745651533018868,913.3469480031538,1233.428501649836,1650.9728773584907
tutup,dataset48k/train\tutup\tutup48k-tutup_115.wav.wav,-554.5988159179688,61.54559326171875,-3.44404935836792,0.7145925760269165,10.873612403869629,-1.952078938484192,2.655280590057373,0.6290222406387329,-0.49929216504096985,-2.138559103012085,-3.007524251937866,1.8631361722946167,-1.1543277502059937,0.01982421875,932.1818367691641,1240.7940929715612,1582.0754716981132
tutup,dataset48k/train\tutup\tutup48k-tutup_116.wav.wav,-793.4249267578125,60.14596176147461,-6.2003173828125,3.7502973079681396,14.839226722717285,-6.773242950439453,2.5697009563446045,4.101546764373779,-2.6465601921081543,-1.2910528182983398,1.4706748723983765,1.494738221168518,-0.3913486897945404,0.021843509397644928,1039.1642969330935,1390.417011199707,1708.389945652174
tutup,dataset48k/train\tutup\tutup48k-tutup_117.wav.wav,-826.0706787109375,59.7712287902832,-6.445799350738525,3.9938125610351562,14.548384666442871,-6.8233208656311035,2.803395986557007,3.86645770072937,-2.48052978515625,-1.1818456649780273,1.1968497037887573,1.5262075662612915,-0.488240122795105,0.021691363790760868,1087.3438859332339,1449.4447973563215,1836.1922554347825
tutup,dataset48k/train\tutup\tutup48k-tutup_118.wav.wav,-560.4098510742188,60.61635208129883,-5.820713996887207,3.731487274169922,15.084518432617188,-6.6116485595703125,2.4481914043426514,4.360273838043213,-2.616192102432251,-1.3780481815338135,1.67354416847229,1.565104365348816,-0.47151559591293335,0.023131439651268116,959.4727021832346,1218.324114452847,1504.6705163043478
tutup,dataset48k/train\tutup\tutup48k-tutup_119.wav.wav,-548.9410400390625,61.5489387512207,-3.4451425075531006,0.7138964533805847,10.873187065124512,-1.9543991088867188,2.6543097496032715,0.6281794309616089,-0.5046217441558838,-2.136704921722412,-3.009798765182495,1.8575778007507324,-1.1547439098358154,0.019942143278301887,928.8372505681714,1235.8528019285523,1574.557783018868
tutup,dataset48k/train\tutup\tutup48k-tutup_12.wav.wav,-573.0659790039062,59.88130569458008,-5.905924320220947,3.831202268600464,15.133719444274902,-6.764610290527344,2.0007541179656982,4.222105026245117,-2.399306535720825,-1.4163326025009155,1.6058658361434937,1.6396832466125488,-0.06144459918141365,0.022726694742838543,874.9848910139144,1162.8571560164753,1362.1826171875
tutup,dataset48k/train\tutup\tutup48k-tutup_120.wav.wav,-665.0970458984375,61.32539367675781,-3.544326066970825,0.690725564956665,10.809678077697754,-2.026183605194092,2.616619348526001,0.5775390863418579,-0.5497403144836426,-2.17502498626709,-3.055957078933716,1.8128743171691895,-1.18799889087677,0.018106942806603774,1112.458990229059,1369.907987126364,1997.936320754717
tutup,dataset48k/train\tutup\tutup48k-tutup_121.wav.wav,-717.4564208984375,61.171600341796875,-6.187129020690918,3.2774062156677246,14.925145149230957,-6.785613536834717,2.3913230895996094,4.172676086425781,-2.683316707611084,-1.4450081586837769,1.7055473327636719,1.8086650371551514,-0.33677753806114197,0.022393451473577235,980.0642170365007,1310.4090646826942,1545.7317073170732
tutup,dataset48k/train\tutup\tutup48k-tutup_122.wav.wav,-681.000244140625,62.253238677978516,-3.421107053756714,0.5446173548698425,10.940263748168945,-1.5661832094192505,2.7587716579437256,0.45815593004226685,-0.5804522633552551,-2.272925615310669,-3.012878179550171,1.5207563638687134,-1.4318760633468628,0.018515542589662447,1130.5274774752925,1414.6466476297628,2081.2895569620255
tutup,dataset48k/train\tutup\tutup48k-tutup_123.wav.wav,-700.8527221679688,62.15384292602539,-3.5026655197143555,0.5045009255409241,10.887977600097656,-1.5990650653839111,2.726105213165283,0.375176340341568,-0.6316752433776855,-2.2804346084594727,-3.0414817333221436,1.4909706115722656,-1.4467805624008179,0.017988116429324894,1151.589922283646,1425.960087275866,2103.6392405063293
tutup,dataset48k/train\tutup\tutup48k-tutup_124.wav.wav,-781.7218017578125,60.893577575683594,-6.47114372253418,3.3357017040252686,14.864296913146973,-6.847550868988037,2.5527701377868652,4.120491027832031,-2.7178902626037598,-1.4252063035964966,1.5584509372711182,1.6987929344177246,-0.33764681220054626,0.021934943470528455,1038.6179407063232,1381.120091951801,1689.2149390243903
tutup,dataset48k/train\tutup\tutup48k-tutup_125.wav.wav,-726.353515625,62.10527038574219,-3.503716468811035,0.5479348301887512,10.913628578186035,-1.6164032220840454,2.737379789352417,0.39146336913108826,-0.6345831751823425,-2.2763924598693848,-3.0464835166931152,1.4511216878890991,-1.4463518857955933,0.018087008834388185,1186.2790347256346,1460.0944469430385,2186.7088607594937
tutup,dataset48k/train\tutup\tutup48k-tutup_126.wav.wav,-646.9286499023438,62.42295455932617,-3.3373606204986572,0.5509393811225891,10.969170570373535,-1.5242340564727783,2.8046133518218994,0.5019280314445496,-0.5661847591400146,-2.271803379058838,-2.995985507965088,1.5294506549835205,-1.4056005477905273,0.01937261010021097,1073.2014050800403,1373.293318141359,1960.7397151898733
tutup,dataset48k/train\tutup\tutup48k-tutup_127.wav.wav,-646.9286499023438,62.42295455932617,-3.3373606204986572,0.5509393811225891,10.969170570373535,-1.5242340564727783,2.8046133518218994,0.5019280314445496,-0.5661847591400146,-2.271803379058838,-2.995985507965088,1.5294506549835205,-1.4056005477905273,0.01937261010021097,1073.2014050800403,1373.293318141359,1960.7397151898733
tutup,dataset48k/train\tutup\tutup48k-tutup_128.wav.wav,-638.5,62.357791900634766,-3.3647241592407227,0.5554127097129822,10.95571231842041,-1.5458605289459229,2.7797164916992188,0.4865259826183319,-0.5622746348381042,-2.2656311988830566,-3.006540298461914,1.535896897315979,-1.4182641506195068,0.019389092167721517,1069.2701229064085,1367.4397318455692,1952.432753164557
tutup,dataset48k/train\tutup\tutup48k-tutup_129.wav.wav,-660.8112182617188,61.281455993652344,-6.130321502685547,3.312045097351074,14.940741539001465,-6.801992893218994,2.368764877319336,4.217148780822754,-2.6961164474487305,-1.4713557958602905,1.7405494451522827,1.8501455783843994,-0.31426236033439636,0.022619728150406505,930.5178525725477,1241.8456145052744,1441.8826219512196
tutup,dataset48k/train\tutup\tutup48k-tutup_13.wav.wav,-760.6972045898438,60.80268096923828,-3.6975467205047607,0.6619144082069397,10.597877502441406,-2.09006929397583,2.5087106227874756,0.48567283153533936,-0.5563499927520752,-2.086179256439209,-3.1146240234375,1.6216189861297607,-1.2875279188156128,0.01784206081081081,913.6850146364312,1229.9564494559597,1639.231418918919
tutup,dataset48k/train\tutup\tutup48k-tutup_130.wav.wav,-607.0237426757812,61.323062896728516,-6.106515884399414,3.324909210205078,14.953084945678711,-6.801050662994385,2.3746955394744873,4.221902847290039,-2.691417694091797,-1.456668734550476,1.7584772109985352,1.868744969367981,-0.29519206285476685,0.02288768737296748,904.4726351302302,1201.2155827019983,1399.2949695121952
tutup,dataset48k/train\tutup\tutup48k-tutup_131.wav.wav,-669.66357421875,62.27426528930664,-3.421914577484131,0.5268239974975586,10.922656059265137,-1.5619839429855347,2.7748348712921143,0.4541231691837311,-0.5883448123931885,-2.2766988277435303,-3.012749433517456,1.5228452682495117,-1.4275857210159302,0.018532024657172994,1117.5683913241792,1400.1776783841124,2044.0071202531647
tutup,dataset48k/train\tutup\tutup48k-tutup_132.wav.wav,-590.0185546875,61.35426330566406,-6.103824615478516,3.317888021469116,14.949909210205078,-6.805295944213867,2.3756182193756104,4.230757236480713,-2.6926114559173584,-1.4560331106185913,1.7674269676208496,1.8742769956588745,-0.2923654615879059,0.02288768737296748,895.0537051130907,1188.9754246389825,1379.2873475609756
tutup,dataset48k/train\tutup\tutup48k-tutup_133.wav.wav,-618.6082763671875,62.45913314819336,-3.32460618019104,0.5548672080039978,10.976251602172852,-1.5014091730117798,2.813288927078247,0.5084255933761597,-0.5464953780174255,-2.2630536556243896,-2.9948980808258057,1.557854175567627,-1.3923407793045044,0.0195868769778481,1022.1999646558426,1332.889631823483,1837.1242088607594
tutup,dataset48k/train\tutup\tutup48k-tutup_134.wav.wav,-610.3670043945312,62.354583740234375,-3.013491153717041,0.8276218175888062,10.970908164978027,-1.799367904663086,2.304173231124878,0.49258852005004883,-0.39895883202552795,-2.0416977405548096,-2.936317205429077,1.6968133449554443,-1.1305350065231323,0.01937232827240566,1046.9143944321763,1362.1291138346742,1903.1913325471698
tutup,dataset48k/train\tutup\tutup48k-tutup_135.wav.wav,-754.6922607421875,62.298805236816406,-6.219821929931641,3.560584545135498,15.317909240722656,-7.017201900482178,2.571392297744751,4.229053974151611,-2.4777326583862305,-1.0504688024520874,1.9083421230316162,1.701917052268982,-0.2805604040622711,0.022616299715909092,1019.3966675888528,1369.3735572458843,1650.4261363636363
tutup,dataset48k/train\tutup\tutup48k-tutup_136.wav.wav,-788.92529296875,61.55241775512695,-3.5213770866394043,0.7970390915870667,10.708175659179688,-2.154574394226074,2.183458089828491,0.20640823245048523,-0.5911535024642944,-2.087279796600342,-3.075554370880127,1.5626413822174072,-1.1244784593582153,0.016518646816037735,961.4824784182857,1300.833343271535,1774.6167452830189
tutup,dataset48k/train\tutup\tutup48k-tutup_137.wav.wav,-763.15087890625,62.307212829589844,-6.237841606140137,3.556617259979248,15.257305145263672,-7.143758773803711,2.570587158203125,4.332168102264404,-2.425912380218506,-1.0520544052124023,1.8974642753601074,1.7031153440475464,-0.30167391896247864,0.0226318359375,1029.9588457901984,1380.1924339900256,1677.3792613636363
tutup,dataset48k/train\tutup\tutup48k-tutup_138.wav.wav,-599.0443115234375,62.352298736572266,-3.028958797454834,0.813651978969574,10.951594352722168,-1.8219908475875854,2.291393756866455,0.4770101010799408,-0.40628916025161743,-2.0418035984039307,-2.948239803314209,1.6781480312347412,-1.1384207010269165,0.01935390256485849,1038.9267583263795,1351.2186577490343,1883.7337853773586
tutup,dataset48k/train\tutup\tutup48k-tutup_139.wav.wav,-684.05810546875,62.16389846801758,-3.130570411682129,0.7771328687667847,10.892573356628418,-1.882300615310669,2.225640058517456,0.40010005235671997,-0.44913169741630554,-2.057969093322754,-2.965003252029419,1.656548261642456,-1.1561870574951172,0.01808022553066038,1123.1094401569771,1426.6861696683216,2086.379716981132
tutup,dataset48k/train\tutup\tutup48k-tutup_14.wav.wav,-570.7612915039062,61.44392776489258,-3.3291399478912354,0.6664649844169617,10.69984245300293,-1.9065133333206177,2.6324033737182617,0.6806653141975403,-0.4499809443950653,-2.050572633743286,-2.982454776763916,1.7373260259628296,-1.2262951135635376,0.0201171875,883.068332513612,1180.9292826613714,1488.724662162162
tutup,dataset48k/train\tutup\tutup48k-tutup_140.wav.wav,-630.211181640625,62.299285888671875,-3.048307418823242,0.7974854707717896,10.937190055847168,-1.8343892097473145,2.273649215698242,0.4559329152107239,-0.41865190863609314,-2.0476958751678467,-2.946446180343628,1.6853445768356323,-1.1319429874420166,0.01900611733490566,1089.1903638815772,1390.2048104433084,1994.2880306603774
tutup,dataset48k/train\tutup\tutup48k-tutup_141.wav.wav,-562.2443237304688,62.38591384887695,-3.0015344619750977,0.8321495056152344,10.96488094329834,-1.7981406450271606,2.316824436187744,0.5001228451728821,-0.38470637798309326,-2.0260121822357178,-2.9327139854431152,1.7045927047729492,-1.1161831617355347,0.020017228036556603,1022.6567922648798,1335.6753365252555,1795.7326061320755
tutup,dataset48k/train\tutup\tutup48k-tutup_142.wav.wav,-681.1714477539062,62.49470138549805,-6.0915846824646,3.5875418186187744,15.359345436096191,-7.0171990394592285,2.5461995601654053,4.389054298400879,-2.434839963912964,-1.0652713775634766,2.010385751724243,1.7458895444869995,-0.29524222016334534,0.02302024147727273,948.1495385597589,1274.9650401914805,1485.5113636363637
tutup,dataset48k/train\tutup\tutup48k-tutup_143.wav.wav,-618.9048461914062,62.53425216674805,-6.053667068481445,3.6043636798858643,15.388805389404297,-7.008091926574707,2.556882381439209,4.4164509773254395,-2.438985824584961,-1.1053227186203003,2.0193419456481934,1.785187840461731,-0.27610740065574646,0.02320001775568182,917.0968394308724,1221.3805134428858,1445.4545454545455
tutup,dataset48k/train\tutup\tutup48k-tutup_144.wav.wav,-712.4150390625,62.040950775146484,-3.208737850189209,0.7539855241775513,10.845394134521484,-1.9347314834594727,2.219801187515259,0.382284551858902,-0.4785457253456116,-2.1220929622650146,-3.006011724472046,1.647815227508545,-1.1900053024291992,0.01754818322523585,1141.6324927002079,1417.1802698301265,2092.017983490566
tutup,dataset48k/train\tutup\tutup48k-tutup_145.wav.wav,-712.2484130859375,62.482818603515625,-6.135517120361328,3.559666872024536,15.323275566101074,-7.017977714538574,2.5581796169281006,4.339858055114746,-2.4613752365112305,-1.0972446203231812,1.9747755527496338,1.7791587114334106,-0.2544681429862976,0.022915926846590908,978.3676058223416,1313.5604552667821,1545.703125
tutup,dataset48k/train\tutup\tutup48k-tutup_146.wav.wav,-681.1714477539062,62.49470138549805,-6.0915846824646,3.5875418186187744,15.359345436096191,-7.0171990394592285,2.5461995601654053,4.389054298400879,-2.434839963912964,-1.0652713775634766,2.010385751724243,1.7458895444869995,-0.29524222016334534,0.02302024147727273,948.1495385597589,1274.9650401914805,1485.5113636363637
tutup,dataset48k/train\tutup\tutup48k-tutup_147.wav.wav,-584.9157104492188,62.56690216064453,-6.055470943450928,3.5924370288848877,15.378993034362793,-7.012105941772461,2.562938690185547,4.435985088348389,-2.42555570602417,-1.0949870347976685,2.020292282104492,1.779761552810669,-0.2718118727207184,0.023286576704545453,941.4700968543425,1221.1078888430313,1487.8551136363637
tutup,dataset48k/train\tutup\tutup48k-tutup_148.wav.wav,-526.384521484375,64.88352966308594,-6.605559825897217,3.371042490005493,15.706884384155273,-7.689365386962891,2.672764301300049,4.384771347045898,-2.5723929405212402,-1.0887564420700073,1.859568476676941,1.6136311292648315,-0.36925050616264343,0.023523812342171716,953.7969662311926,1227.4789971211314,1503.6695075757575
tutup,dataset48k/train\tutup\tutup48k-tutup_149.wav.wav,-652.7423706054688,62.8818359375,-3.442861557006836,0.6085149049758911,11.056706428527832,-2.1414377689361572,2.428515672683716,0.6388260126113892,-0.41671431064605713,-2.1769602298736572,-2.8674097061157227,2.0564768314361572,-0.8651187419891357,0.017811986019736843,1173.5574146596264,1437.1770782389194,2139.720394736842
tutup,dataset48k/train\tutup\tutup48k-tutup_15.wav.wav,-677.8233032226562,59.796630859375,-5.920713901519775,3.8253395557403564,15.085926055908203,-6.7976813316345215,1.9896739721298218,4.176276683807373,-2.423517942428589,-1.4192003011703491,1.5810409784317017,1.6252222061157227,-0.049238841980695724,0.022513071695963543,897.0259242178136,1217.7727614814055,1384.21630859375
tutup,dataset48k/train\tutup\tutup48k-tutup_16.wav.wav,-638.1871337890625,59.83982467651367,-5.899662017822266,3.8259403705596924,15.105183601379395,-6.78778076171875,1.9891629219055176,4.203832149505615,-2.414984941482544,-1.4209827184677124,1.6022896766662598,1.6352543830871582,-0.06076844409108162,0.022572835286458332,891.7155793159222,1193.7588633270466,1373.96240234375
tutup,dataset48k/train\tutup\tutup48k-tutup_17.wav.wav,-813.6908569335938,60.179813385009766,-4.098857402801514,0.8826168775558472,10.474942207336426,-2.3131449222564697,2.5532617568969727,0.2657996118068695,-0.6820605397224426,-2.0204100608825684,-3.219775438308716,1.5249148607254028,-1.213331699371338,0.01699878589527027,974.6784459242785,1281.2299993932754,1771.7483108108108
tutup,dataset48k/train\tutup\tutup48k-tutup_18.wav.wav,-783.2931518554688,60.61101150512695,-3.8573668003082275,0.7415304780006409,10.535351753234863,-2.2080836296081543,2.5285069942474365,0.4290449917316437,-0.5868507027626038,-2.0616185665130615,-3.1433396339416504,1.5669294595718384,-1.2733128070831299,0.017333984375,934.7407813725886,1257.5651020420346,1686.9932432432433
tutup,dataset48k/train\tutup\tutup48k-tutup_19.wav.wav,-530.6243896484375,59.89121627807617,-5.9058380126953125,3.8257148265838623,15.130391120910645,-6.7666802406311035,2.0055854320526123,4.227168083190918,-2.4030420780181885,-1.4221080541610718,1.6072098016738892,1.6466373205184937,-0.053694725036621094,0.022736867268880207,857.508882061402,1138.894185797377,1320.37353515625
tutup,dataset48k/train\tutup\tutup48k-tutup_2.wav.wav,-612.6841430664062,59.86488723754883,-5.910341739654541,3.81827449798584,15.113497734069824,-6.774247646331787,1.9961122274398804,4.212753772735596,-2.411210060119629,-1.42364501953125,1.6055787801742554,1.6404954195022583,-0.05811929702758789,0.022633870442708332,892.2019763186482,1189.2734069463875,1383.97216796875
tutup,dataset48k/train\tutup\tutup48k-tutup_20.wav.wav,-545.2734985351562,61.47063446044922,-3.330249071121216,0.6576946973800659,10.707706451416016,-1.9011365175247192,2.6295270919799805,0.6788274645805359,-0.4518048167228699,-2.050370216369629,-2.9766805171966553,1.7441257238388062,-1.2235395908355713,0.020539484797297298,868.1944949584826,1159.714406698764,1453.3150337837837
tutup,dataset48k/train\tutup\tutup48k-tutup_21.wav.wav,-550.9401245117188,61.460506439208984,-3.330404758453369,0.6659090518951416,10.709210395812988,-1.8973349332809448,2.6355769634246826,0.6833506226539612,-0.4474566578865051,-2.046661376953125,-2.9744253158569336,1.7424893379211426,-1.2218798398971558,0.020444467905405404,869.9738072618479,1162.460621809652,1456.6722972972973
tutup,dataset48k/train\tutup\tutup48k-tutup_22.wav.wav,-686.899169921875,61.22018051147461,-3.451768398284912,0.6467300057411194,10.663153648376465,-1.9527535438537598,2.589977264404297,0.6117463707923889,-0.4890877306461334,-2.0688512325286865,-3.009726047515869,1.709427833557129,-1.2476240396499634,0.018800147804054056,998.039633644231,1303.6669305293728,1813.112331081081
tutup,dataset48k/train\tutup\tutup48k-tutup_23.wav.wav,-809.5886840820312,59.43973922729492,-6.3999924659729,3.837327241897583,14.813621520996094,-7.000736713409424,2.1022450923919678,3.7952423095703125,-2.4815151691436768,-1.2754926681518555,1.420562744140625,1.653548240661621,-0.02777830697596073,0.021607716878255207,1036.3623704396678,1391.8681707027663,1704.4677734375
tutup,dataset48k/train\tutup\tutup48k-tutup_24.wav.wav,-675.6088256835938,61.23213577270508,-3.439906358718872,0.6294751763343811,10.666633605957031,-1.950636625289917,2.5917327404022217,0.637976884841919,-0.46815186738967896,-2.062826156616211,-3.010850667953491,1.702738881111145,-1.242082118988037,0.01881202491554054,983.758683118474,1290.9881599231592,1777.1326013513512
tutup,dataset48k/train\tutup\tutup48k-tutup_25.wav.wav,-630.261962890625,61.3297233581543,-3.387514591217041,0.6459988951683044,10.68105697631836,-1.9356797933578491,2.605618953704834,0.6538263559341431,-0.4630391001701355,-2.052043914794922,-2.9965405464172363,1.7070773839950562,-1.2478318214416504,0.019590635557432432,973.9576943408506,1259.2237706277242,1721.3893581081081
tutup,dataset48k/train\tutup\tutup48k-tutup_26.wav.wav,-584.4016723632812,59.86494827270508,-5.9044060707092285,3.831942558288574,15.126846313476562,-6.771903991699219,1.998777985572815,4.212731838226318,-2.411407947540283,-1.4227395057678223,1.6045066118240356,1.643933653831482,-0.0547836609184742,0.022604624430338543,878.2118735438465,1167.2996654207127,1357.177734375
tutup,dataset48k/train\tutup\tutup48k-tutup_27.wav.wav,-686.899169921875,61.22018051147461,-3.451768398284912,0.6467300057411194,10.663153648376465,-1.9527535438537598,2.589977264404297,0.6117463707923889,-0.4890877306461334,-2.0688512325286865,-3.009726047515869,1.709427833557129,-1.2476240396499634,0.018800147804054056,998.039633644231,1303.6669305293728,1813.112331081081
tutup,dataset48k/train\tutup\tutup48k-tutup_28.wav.wav,-813.6908569335938,60.179813385009766,-4.098857402801514,0.8826168775558472,10.474942207336426,-2.3131449222564697,2.5532617568969727,0.2657996118068695,-0.6820605397224426,-2.0204100608825684,-3.219775438308716,1.5249148607254028,-1.213331699371338,0.01699878589527027,974.6784459242785,1281.2299993932754,1771.7483108108108
tutup,dataset48k/train\tutup\tutup48k-tutup_29.wav.wav,-697.64306640625,59.76911926269531,-5.943668842315674,3.805471658706665,15.083610534667969,-6.777073383331299,1.9756797552108765,4.128111839294434,-2.4461443424224854,-1.431174635887146,1.568443775177002,1.6376217603683472,-0.03842560574412346,0.022401173909505207,914.6774625752951,1241.2590617680873,1421.142578125
tutup,dataset48k/train\tutup\tutup48k-tutup_3.wav.wav,-766.3402099609375,60.767738342285156,-3.737032413482666,0.6423425674438477,10.572405815124512,-2.131802797317505,2.475965738296509,0.46904799342155457,-0.5710943937301636,-2.106785774230957,-3.1367571353912354,1.5954800844192505,-1.2823243141174316,0.017599239864864866,913.8519062355282,1234.1440841467597,1641.0050675675675
tutup,dataset48k/train\tutup\tutup48k-tutup_30.wav.wav,-650.0833740234375,61.30506896972656,-3.4072377681732178,0.6277347207069397,10.664113998413086,-1.9473216533660889,2.5871477127075195,0.6342217326164246,-0.47971200942993164,-2.0624828338623047,-3.004206418991089,1.7079687118530273,-1.2544184923171997,0.01895850929054054,957.6838130381883,1259.0916740528762,1708.7204391891892
tutup,dataset48k/train\tutup\tutup48k-tutup_31.wav.wav,-742.8916625976562,59.70648193359375,-5.988173007965088,3.7872257232666016,15.028504371643066,-6.836925983428955,1.9783540964126587,4.093584060668945,-2.4759438037872314,-1.4455490112304688,1.5560842752456665,1.633327603340149,-0.0439707450568676,0.02217864990234375,958.9396613346731,1302.6581993075577,1524.59716796875
tutup,dataset48k/train\tutup\tutup48k-tutup_32.wav.wav,-698.2882690429688,61.14592361450195,-3.4886231422424316,0.6306717991828918,10.62417221069336,-2.0091021060943604,2.5471341609954834,0.5793907642364502,-0.48693782091140747,-2.058337926864624,-3.0294578075408936,1.6682366132736206,-1.2779325246810913,0.01837917018581081,981.5880080656686,1255.0639366180696,1727.9138513513512
tutup,dataset48k/train\tutup\tutup48k-tutup_33.wav.wav,-575.9036865234375,59.87382507324219,-5.904993057250977,3.830091714859009,15.124504089355469,-6.773325443267822,1.9982761144638062,4.213901042938232,-2.410956621170044,-1.4238897562026978,1.600380539894104,1.639954924583435,-0.055739402770996094,0.02263641357421875,875.4643558745446,1162.5582108556916,1352.05078125
tutup,dataset48k/train\tutup\tutup48k-tutup_34.wav.wav,-587.2216796875,59.8664665222168,-5.909952640533447,3.8306283950805664,15.125149726867676,-6.7722625732421875,1.9929256439208984,4.205806732177734,-2.4091665744781494,-1.4167790412902832,1.6070585250854492,1.6424752473831177,-0.06396595388650894,0.022614796956380207,879.309781906969,1169.3298080080292,1358.154296875
tutup,dataset48k/train\tutup\tutup48k-tutup_35.wav.wav,-669.9293823242188,61.25310516357422,-3.435051441192627,0.6534503102302551,10.674948692321777,-1.9597102403640747,2.5792086124420166,0.6298691034317017,-0.4806928336620331,-2.059356927871704,-3.008730411529541,1.7025785446166992,-1.240273356437683,0.018863492398648648,976.0912537838298,1282.8168912241758,1756.9256756756756
tutup,dataset48k/train\tutup\tutup48k-tutup_36.wav.wav,-658.571533203125,61.29243087768555,-3.4089467525482178,0.6484059691429138,10.669371604919434,-1.9515049457550049,2.591191530227661,0.6378331184387207,-0.4719769358634949,-2.0564804077148438,-3.0063509941101074,1.7132680416107178,-1.2459988594055176,0.018916279560810812,965.4148235770314,1268.1147070929876,1724.049831081081
tutup,dataset48k/train\tutup\tutup48k-tutup_37.wav.wav,-740.07861328125,59.694400787353516,-5.999303340911865,3.795959234237671,15.033617973327637,-6.809297561645508,1.9965029954910278,4.108033180236816,-2.418358325958252,-1.3869385719299316,1.5725198984146118,1.6011366844177246,-0.09478918462991714,0.022219340006510418,955.4936554251253,1299.1146191754297,1516.845703125
tutup,dataset48k/train\tutup\tutup48k-tutup_38.wav.wav,-771.99951171875,60.75020980834961,-3.7503461837768555,0.682108461856842,10.591951370239258,-2.144099473953247,2.4675862789154053,0.47287359833717346,-0.5750526785850525,-2.1053309440612793,-3.1145782470703125,1.5870052576065063,-1.2916866540908813,0.017619035050675677,921.2136190020275,1243.1239468402393,1658.4881756756756
tutup,dataset48k/train\tutup\tutup48k-tutup_39.wav.wav,-565.1160278320312,61.43144989013672,-3.3377013206481934,0.6645288467407227,10.704802513122559,-1.9074333906173706,2.630107879638672,0.6796765327453613,-0.457647442817688,-2.0524773597717285,-2.9777679443359375,1.73639976978302,-1.225483775138855,0.02019108952702703,881.7111015940434,1177.812582124826,1486.1908783783783
tutup,dataset48k/train\tutup\tutup48k-tutup_4.wav.wav,-781.6697387695312,59.591217041015625,-6.148811340332031,3.794543504714966,14.963272094726562,-6.90576171875,1.9847174882888794,4.000943183898926,-2.473072052001953,-1.3714267015457153,1.5047760009765625,1.6280169486999512,-0.05579837039113045,0.021912892659505207,1011.6632777814599,1360.2854919769782,1640.380859375
tutup,dataset48k/train\tutup\tutup48k-tutup_40.wav.wav,-748.5662231445312,59.67170715332031,-6.009817123413086,3.7743642330169678,15.043065071105957,-6.814187526702881,1.9845463037490845,4.094015121459961,-2.4232683181762695,-1.4045310020446777,1.5534353256225586,1.6198135614395142,-0.07183011621236801,0.022137959798177082,967.0613705527888,1312.3873982657774,1545.5322265625
tutup,dataset48k/train\tutup\tutup48k-tutup_41.wav.wav,-745.7131958007812,59.69284439086914,-6.00901460647583,3.772963762283325,15.022068977355957,-6.826723575592041,1.9814397096633911,4.099335193634033,-2.426374673843384,-1.4212948083877563,1.527359962463379,1.6136155128479004,-0.05446481704711914,0.022168477376302082,962.6799515199258,1307.1889572890393,1533.3251953125
tutup,dataset48k/train\tutup\tutup48k-tutup_42.wav.wav,-627.433349609375,61.32365417480469,-3.400527238845825,0.6458149552345276,10.680715560913086,-1.9384409189224243,2.587707757949829,0.6411029100418091,-0.4644891619682312,-2.051790952682495,-3.0003819465637207,1.7111752033233643,-1.2487887144088745,0.019590635557432432,972.2919951795226,1256.198764506303,1718.5388513513512
tutup,dataset48k/train\tutup\tutup48k-tutup_43.wav.wav,-674.9827270507812,59.81035232543945,-5.903799533843994,3.8251750469207764,15.088790893554688,-6.797554016113281,1.9661626815795898,4.1697869300842285,-2.422595739364624,-1.4212945699691772,1.5882010459899902,1.6340383291244507,-0.052681922912597656,0.022513071695963543,894.9279583793126,1215.993913172539,1381.4697265625
tutup,dataset48k/train\tutup\tutup48k-tutup_44.wav.wav,-610.4219360351562,61.37421798706055,-3.3631577491760254,0.6647682189941406,10.698022842407227,-1.9141578674316406,2.6192047595977783,0.671775221824646,-0.44357672333717346,-2.0486083030700684,-2.985447645187378,1.7394756078720093,-1.220410943031311,0.01976879222972973,940.4903665308378,1233.4495730078029,1637.5844594594594
tutup,dataset48k/train\tutup\tutup48k-tutup_45.wav.wav,-701.1188354492188,61.152015686035156,-3.475546360015869,0.6432062983512878,10.635910034179688,-2.010249614715576,2.537792921066284,0.5786951184272766,-0.48755601048469543,-2.0485363006591797,-3.028607130050659,1.6646593809127808,-1.27691650390625,0.018367293074324324,984.5292676357782,1258.0941766501953,1735.5152027027027
tutup,dataset48k/train\tutup\tutup48k-tutup_46.wav.wav,-706.143798828125,59.7550163269043,-5.94030237197876,3.804220199584961,15.075098991394043,-6.802317142486572,1.9910298585891724,4.1778130531311035,-2.4295361042022705,-1.4433130025863647,1.5636863708496094,1.623960018157959,-0.05290905758738518,0.022380828857421875,923.5062305138968,1252.7582708113416,1441.22314453125
tutup,dataset48k/train\tutup\tutup48k-tutup_47.wav.wav,-621.7391967773438,61.37970733642578,-3.3519649505615234,0.6668815016746521,10.695340156555176,-1.9156068563461304,2.615994930267334,0.6611003279685974,-0.45740264654159546,-2.045912504196167,-2.980574607849121,1.73542320728302,-1.2305560111999512,0.019558963260135134,952.0912816473176,1247.6900916933237,1675.5912162162163
tutup,dataset48k/train\tutup\tutup48k-tutup_48.wav.wav,-519.3094482421875,59.890838623046875,-5.904813766479492,3.8289377689361572,15.132908821105957,-6.769632816314697,2.0022318363189697,4.228368282318115,-2.401132345199585,-1.4205636978149414,1.6086596250534058,1.6470550298690796,-0.05584001541137695,0.022757212320963543,854.4164931834493,1134.2572528612934,1310.36376953125
tutup,dataset48k/train\tutup\tutup48k-tutup_49.wav.wav,-694.811279296875,59.76753616333008,-5.939840793609619,3.8022968769073486,15.087489128112793,-6.787929534912109,1.9946006536483765,4.17997407913208,-2.42781925201416,-1.4203664064407349,1.577249526977539,1.6076451539993286,-0.07429647445678711,0.02251434326171875,913.7055289867621,1239.4065819620557,1416.748046875
tutup,dataset48k/train\tutup\tutup48k-tutup_5.wav.wav,-613.2314453125,61.39571762084961,-3.352956771850586,0.6704750061035156,10.709518432617188,-1.9084842205047607,2.624856472015381,0.6748424768447876,-0.4503941833972931,-2.0376079082489014,-2.9763381481170654,1.7345739603042603,-1.2208402156829834,0.019747677364864866,941.4534677379828,1235.4936140473264,1639.1680743243244
tutup,dataset48k/train\tutup\tutup48k-tutup_50.wav.wav,-759.8466796875,59.631805419921875,-6.076121807098389,3.7870852947235107,15.051989555358887,-6.842666149139404,1.9753609895706177,4.062598705291748,-2.423833131790161,-1.4175000190734863,1.5264774560928345,1.6000617742538452,-0.0743611678481102,0.02208709716796875,982.167462325167,1330.090339340029,1580.13916015625
tutup,dataset48k/train\tutup\tutup48k-tutup_51.wav.wav,-548.1029052734375,61.46719741821289,-3.3294074535369873,0.6662445664405823,10.709507942199707,-1.8992615938186646,2.6303884983062744,0.6796154379844666,-0.4485706090927124,-2.0493741035461426,-2.975111246109009,1.7447260618209839,-1.2262874841690063,0.0205078125,869.2775220635008,1160.8590634097752,1455.46875
tutup,dataset48k/train\tutup\tutup48k-tutup_52.wav.wav,-720.2759399414062,59.72444534301758,-5.971590518951416,3.8046391010284424,15.062230110168457,-6.8161540031433105,1.9710074663162231,4.129254341125488,-2.422102212905884,-1.4011468887329102,1.5690406560897827,1.60572350025177,-0.07396602630615234,0.022260030110677082,938.3016416815741,1273.5409260669774,1471.61865234375
tutup,dataset48k/train\tutup\tutup48k-tutup_53.wav.wav,-703.30078125,59.76609420776367,-5.939067363739014,3.81396746635437,15.07431411743164,-6.792198657989502,1.9694290161132812,4.124162197113037,-2.4518120288848877,-1.4266018867492676,1.603814721107483,1.6593953371047974,-0.05718262866139412,0.022380828857421875,920.1617661350593,1249.6286236438848,1432.4951171875
tutup,dataset48k/train\tutup\tutup48k-tutup_54.wav.wav,-769.1951293945312,60.73261260986328,-3.756181001663208,0.6780067086219788,10.59229564666748,-2.1270668506622314,2.4698486328125,0.44164279103279114,-0.5780431628227234,-2.0994484424591064,-3.1240432262420654,1.5872485637664795,-1.3003777265548706,0.017609797297297298,917.869869444646,1238.4108851115786,1651.0135135135135
tutup,dataset48k/train\tutup\tutup48k-tutup_55.wav.wav,-635.3450317382812,59.84194564819336,-5.907386779785156,3.823065996170044,15.1057710647583,-6.7829413414001465,1.992563247680664,4.194489002227783,-2.416652202606201,-1.4191898107528687,1.5995479822158813,1.6325656175613403,-0.06392431259155273,0.022562662760416668,889.7464064580121,1190.19869377699,1370.4833984375
tutup,dataset48k/train\tutup\tutup48k-tutup_56.wav.wav,-737.9801635742188,60.99828338623047,-3.5644116401672363,0.6445353627204895,10.61355209350586,-2.068432331085205,2.519650459289551,0.5445958375930786,-0.508996307849884,-2.045637845993042,-3.0700340270996094,1.6042460203170776,-1.272753357887268,0.017976668074324326,999.3837235011194,1290.910550902165,1808.0447635135135
tutup,dataset48k/train\tutup\tutup48k-tutup_57.wav.wav,-553.2669067382812,59.87849426269531,-5.9056010246276855,3.8289783000946045,15.127723693847656,-6.770866394042969,2.0027315616607666,4.221194744110107,-2.4059879779815674,-1.4227027893066406,1.6047481298446655,1.6443201303482056,-0.056640464812517166,0.022716522216796875,866.0824641653072,1149.7886639925107,1334.8388671875
tutup,dataset48k/train\tutup\tutup48k-tutup_58.wav.wav,-542.4518432617188,61.45833969116211,-3.336225748062134,0.6565200686454773,10.701826095581055,-1.9055215120315552,2.629185914993286,0.6781478524208069,-0.4539945721626282,-2.0516045093536377,-2.979166269302368,1.738116979598999,-1.228257417678833,0.02055004222972973,867.316791451331,1158.3430502076367,1451.8581081081081
tutup,dataset48k/train\tutup\tutup48k-tutup_59.wav.wav,-734.4140625,59.70707321166992,-5.996025085449219,3.7760114669799805,15.053047180175781,-6.830545902252197,1.998902678489685,4.128041744232178,-2.4673221111297607,-1.4372491836547852,1.5566736459732056,1.6001583337783813,-0.06135241314768791,0.022168477376302082,950.261010059238,1290.959537122767,1506.77490234375
tutup,dataset48k/train\tutup\tutup48k-tutup_6.wav.wav,-786.1763305664062,60.5538330078125,-3.8590292930603027,0.7044842839241028,10.5498628616333,-2.1922900676727295,2.5103275775909424,0.41532841324806213,-0.5862450003623962,-2.0786449909210205,-3.124035358428955,1.5854458808898926,-1.275679111480713,0.01737621410472973,942.5726260824451,1262.5547138403358,1702.3226351351352
tutup,dataset48k/train\tutup\tutup48k-tutup_60.wav.wav,-548.1029052734375,61.46719741821289,-3.3294074535369873,0.6662445664405823,10.709507942199707,-1.8992615938186646,2.6303884983062744,0.6796154379844666,-0.4485706090927124,-2.0493741035461426,-2.975111246109009,1.7447260618209839,-1.2262874841690063,0.0205078125,869.2775220635008,1160.8590634097752,1455.46875
tutup,dataset48k/train\tutup\tutup48k-tutup_61.wav.wav,-745.7131958007812,59.69284439086914,-6.00901460647583,3.772963762283325,15.022068977355957,-6.826723575592041,1.9814397096633911,4.099335193634033,-2.426374673843384,-1.4212948083877563,1.527359962463379,1.6136155128479004,-0.05446481704711914,0.022168477376302082,962.6799515199258,1307.1889572890393,1533.3251953125
tutup,dataset48k/train\tutup\tutup48k-tutup_62.wav.wav,-541.9462280273438,59.88423538208008,-5.906198024749756,3.828754425048828,15.135544776916504,-6.764800548553467,2.0028154850006104,4.220517635345459,-2.4064114093780518,-1.4225091934204102,1.6104243993759155,1.6509472131729126,-0.05214293673634529,0.022747039794921875,861.0732187899524,1142.6045003247411,1322.32666015625
tutup,dataset48k/train\tutup\tutup48k-tutup_63.wav.wav,-635.9150390625,61.34111404418945,-3.3769564628601074,0.654727578163147,10.682588577270508,-1.9270583391189575,2.6120152473449707,0.6606224179267883,-0.4592403173446655,-2.0588130950927734,-2.997722864151001,1.7184369564056396,-1.2362842559814453,0.019581397804054053,977.517694624283,1264.1003824663567,1733.9949324324325
tutup,dataset48k/train\tutup\tutup48k-tutup_64.wav.wav,-771.99951171875,60.75020980834961,-3.7503461837768555,0.682108461856842,10.591951370239258,-2.144099473953247,2.4675862789154053,0.47287359833717346,-0.5750526785850525,-2.1053309440612793,-3.1145782470703125,1.5870052576065063,-1.2916866540908813,0.017619035050675677,921.2136190020275,1243.1239468402393,1658.4881756756756
tutup,dataset48k/train\tutup\tutup48k-tutup_65.wav.wav,-604.213134765625,59.8571891784668,-5.908428192138672,3.822953224182129,15.118865013122559,-6.768144130706787,1.9954527616500854,4.2043375968933105,-2.4119150638580322,-1.4213346242904663,1.6058546304702759,1.6372976303100586,-0.06279897689819336,0.022624969482421875,888.7620785005848,1182.9201513202834,1379.45556640625
tutup,dataset48k/train\tutup\tutup48k-tutup_66.wav.wav,-745.7131958007812,59.69284439086914,-6.00901460647583,3.772963762283325,15.022068977355957,-6.826723575592041,1.9814397096633911,4.099335193634033,-2.426374673843384,-1.4212948083877563,1.527359962463379,1.6136155128479004,-0.05446481704711914,0.022168477376302082,962.6799515199258,1307.1889572890393,1533.3251953125
tutup,dataset48k/train\tutup\tutup48k-tutup_67.wav.wav,-556.595703125,61.467864990234375,-3.3237226009368896,0.6641271710395813,10.706113815307617,-1.9002959728240967,2.6363770961761475,0.6854385137557983,-0.45164909958839417,-2.0513336658477783,-2.973865509033203,1.7482328414916992,-1.2179553508758545,0.020391680743243244,871.6776650586178,1167.083324716683,1456.4822635135135
tutup,dataset48k/train\tutup\tutup48k-tutup_68.wav.wav,-633.071533203125,61.34845733642578,-3.3782191276550293,0.6536626219749451,10.677726745605469,-1.933089256286621,2.6152734756469727,0.6541928052902222,-0.46480950713157654,-2.0468060970306396,-3.0017151832580566,1.705403447151184,-1.2451750040054321,0.0196117504222973,975.6795710067057,1261.999881990989,1725.8868243243244
tutup,dataset48k/train\tutup\tutup48k-tutup_69.wav.wav,-638.7433471679688,61.334529876708984,-3.3791286945343018,0.6612001061439514,10.68396282196045,-1.9259352684020996,2.6188433170318604,0.6553319692611694,-0.4669268727302551,-2.0471348762512207,-2.998072385787964,1.7168407440185547,-1.2297990322113037,0.019580078125,980.260763134577,1267.7290448659498,1739.6326013513512
tutup,dataset48k/train\tutup\tutup48k-tutup_7.wav.wav,-582.0830078125,61.42768096923828,-3.345848321914673,0.6604751348495483,10.698417663574219,-1.9161711931228638,2.620004892349243,0.6719248294830322,-0.4587855935096741,-2.049264907836914,-2.976891040802002,1.7315608263015747,-1.2302507162094116,0.020085515202702704,908.9406107966395,1196.979579637112,1554.9197635135135
tutup,dataset48k/train\tutup\tutup48k-tutup_70.wav.wav,-755.0477905273438,60.831974029541016,-3.646568536758423,0.6388099193572998,10.58280086517334,-2.0906620025634766,2.4891326427459717,0.48259443044662476,-0.5253687500953674,-2.0769083499908447,-3.119058132171631,1.6065077781677246,-1.3062989711761475,0.01787505278716216,907.7411872936964,1223.3067855466725,1627.3859797297298
tutup,dataset48k/train\tutup\tutup48k-tutup_71.wav.wav,-755.0477905273438,60.831974029541016,-3.646568536758423,0.6388099193572998,10.58280086517334,-2.0906620025634766,2.4891326427459717,0.48259443044662476,-0.5253687500953674,-2.0769083499908447,-3.119058132171631,1.6065077781677246,-1.3062989711761475,0.01787505278716216,907.7411872936964,1223.3067855466725,1627.3859797297298
tutup,dataset48k/train\tutup\tutup48k-tutup_72.wav.wav,-556.09326171875,59.87919235229492,-5.9076995849609375,3.8293495178222656,15.132046699523926,-6.768797397613525,1.9996782541275024,4.216424465179443,-2.4096014499664307,-1.4188648462295532,1.6077946424484253,1.6424245834350586,-0.0536244697868824,0.022736867268880207,870.0838152816127,1153.9833273467605,1354.06494140625
tutup,dataset48k/train\tutup\tutup48k-tutup_73.wav.wav,-826.8287353515625,59.87681579589844,-4.2794976234436035,0.9665839076042175,10.33291244506836,-2.3758585453033447,2.6626274585723877,0.22447262704372406,-0.6503280401229858,-2.0127947330474854,-3.260356903076172,1.5599757432937622,-1.263196349143982,0.01677707981418919,934.5382471411165,1258.00994510908,1694.214527027027
tutup,dataset48k/train\tutup\tutup48k-tutup_74.wav.wav,-732.3274536132812,60.986961364746094,-3.5811262130737305,0.6398633718490601,10.603123664855957,-2.070098400115967,2.4998385906219482,0.538506269454956,-0.516531229019165,-2.072585105895996,-3.0707929134368896,1.6209088563919067,-1.2787548303604126,0.017956872888513515,993.8260940133662,1284.0544864422386,1794.2356418918919
tutup,dataset48k/train\tutup\tutup48k-tutup_75.wav.wav,-652.9175415039062,61.29379653930664,-3.419504165649414,0.6318928599357605,10.664307594299316,-1.9443814754486084,2.589942455291748,0.6334651708602905,-0.4772239923477173,-2.0673294067382812,-3.0100414752960205,1.7097961902618408,-1.2336403131484985,0.018926836993243244,960.4333227142739,1263.2379709124377,1715.0548986486488
tutup,dataset48k/train\tutup\tutup48k-tutup_76.wav.wav,-745.7131958007812,59.69284439086914,-6.00901460647583,3.772963762283325,15.022068977355957,-6.826723575592041,1.9814397096633911,4.099335193634033,-2.426374673843384,-1.4212948083877563,1.527359962463379,1.6136155128479004,-0.05446481704711914,0.022168477376302082,962.6799515199258,1307.1889572890393,1533.3251953125
tutup,dataset48k/train\tutup\tutup48k-tutup_77.wav.wav,-725.9419555664062,59.726226806640625,-5.9600043296813965,3.7994868755340576,15.061432838439941,-6.83049201965332,1.9755992889404297,4.138036251068115,-2.4402406215667725,-1.4376918077468872,1.5350875854492188,1.6016011238098145,-0.04974762722849846,0.022198994954427082,942.808149243659,1281.441695646238,1487.548828125
tutup,dataset48k/train\tutup\tutup48k-tutup_78.wav.wav,-575.9036865234375,59.87382507324219,-5.904993057250977,3.830091714859009,15.124504089355469,-6.773325443267822,1.9982761144638062,4.213901042938232,-2.410956621170044,-1.4238897562026978,1.600380539894104,1.639954924583435,-0.055739402770996094,0.02263641357421875,875.4643558745446,1162.5582108556916,1352.05078125
tutup,dataset48k/train\tutup\tutup48k-tutup_79.wav.wav,-757.83447265625,60.82891082763672,-3.6634931564331055,0.678975522518158,10.569710731506348,-2.1085619926452637,2.5167126655578613,0.4938902258872986,-0.5714259743690491,-2.0940945148468018,-3.090813159942627,1.6182303428649902,-1.3093827962875366,0.01787505278716216,911.329832801651,1226.3403956822463,1636.9510135135135
tutup,dataset48k/train\tutup\tutup48k-tutup_8.wav.wav,-740.07861328125,59.694400787353516,-5.999303340911865,3.795959234237671,15.033617973327637,-6.809297561645508,1.9965029954910278,4.108033180236816,-2.418358325958252,-1.3869385719299316,1.5725198984146118,1.6011366844177246,-0.09478918462991714,0.022219340006510418,955.4936554251253,1299.1146191754297,1516.845703125
tutup,dataset48k/train\tutup\tutup48k-tutup_80.wav.wav,-723.761474609375,61.101314544677734,-3.508821487426758,0.632795512676239,10.635079383850098,-1.9980732202529907,2.5501105785369873,0.5834949612617493,-0.45765817165374756,-2.042543888092041,-3.0384819507598877,1.6790140867233276,-1.2418856620788574,0.018356735641891893,1012.2868566921172,1286.928049063727,1801.6469594594594
tutup,dataset48k/train\tutup\tutup48k-tutup_81.wav.wav,-590.5869750976562,61.410926818847656,-3.3582167625427246,0.6422349810600281,10.686903953552246,-1.9192194938659668,2.6150872707366943,0.6702716946601868,-0.4521401822566986,-2.0512430667877197,-2.98337721824646,1.7261111736297607,-1.2339214086532593,0.019969383445945947,926.2999568089692,1213.11834302299,1600.337837837838
tutup,dataset48k/train\tutup\tutup48k-tutup_82.wav.wav,-711.7842407226562,59.74320602416992,-5.948861598968506,3.809293508529663,15.055648803710938,-6.806694030761719,1.9915603399276733,4.144811630249023,-2.453273057937622,-1.4436750411987305,1.5764026641845703,1.635572075843811,-0.08530076593160629,0.02230072021484375,929.0865508261057,1262.3675084562935,1451.96533203125
tutup,dataset48k/train\tutup\tutup48k-tutup_83.wav.wav,-875.2203979492188,57.05826187133789,-6.940952301025391,5.051724910736084,13.049994468688965,-6.408763408660889,2.447423219680786,2.830129384994507,-1.8351149559020996,-1.1215643882751465,0.9074506759643555,2.008394479751587,-0.28006458282470703,0.020875295003255207,1131.475535368658,1504.209732830646,1979.736328125
tutup,dataset48k/train\tutup\tutup48k-tutup_84.wav.wav,-612.6841430664062,59.86488723754883,-5.910341739654541,3.81827449798584,15.113497734069824,-6.774247646331787,1.9961122274398804,4.212753772735596,-2.411210060119629,-1.42364501953125,1.6055787801742554,1.6404954195022583,-0.05811929702758789,0.022633870442708332,892.2019763186482,1189.2734069463875,1383.97216796875
tutup,dataset48k/train\tutup\tutup48k-tutup_85.wav.wav,-650.0833740234375,61.30506896972656,-3.4072377681732178,0.6277347207069397,10.664113998413086,-1.9473216533660889,2.5871477127075195,0.6342217326164246,-0.47971200942993164,-2.0624828338623047,-3.004206418991089,1.7079687118530273,-1.2544184923171997,0.01895850929054054,957.6838130381883,1259.0916740528762,1708.7204391891892
tutup,dataset48k/train\tutup\tutup48k-tutup_86.wav.wav,-757.83447265625,60.82891082763672,-3.6634931564331055,0.678975522518158,10.569710731506348,-2.1085619926452637,2.5167126655578613,0.4938902258872986,-0.5714259743690491,-2.0940945148468018,-3.090813159942627,1.6182303428649902,-1.3093827962875366,0.01787505278716216,911.329832801651,1226.3403956822463,1636.9510135135135
tutup,dataset48k/train\tutup\tutup48k-tutup_87.wav.wav,-734.4140625,59.70707321166992,-5.996025085449219,3.7760114669799805,15.053047180175781,-6.830545902252197,1.998902678489685,4.128041744232178,-2.4673221111297607,-1.4372491836547852,1.5566736459732056,1.6001583337783813,-0.06135241314768791,0.022168477376302082,950.261010059238,1290.959537122767,1506.77490234375
tutup,dataset48k/train\tutup\tutup48k-tutup_88.wav.wav,-585.2957153320312,59.05641174316406,-5.499597549438477,3.796048879623413,14.762120246887207,-6.31765604019165,2.129427909851074,4.388246059417725,-2.2730212211608887,-1.3934959173202515,1.455412745475769,1.360944390296936,-0.37545955181121826,0.022631764759475217,873.645926580037,1168.0785195954559,1352.405247813411
tutup,dataset48k/train\tutup\tutup48k-tutup_89.wav.wav,-658.9104614257812,58.99321365356445,-5.5168538093566895,3.784632444381714,14.74914264678955,-6.3118977546691895,2.127185106277466,4.362196445465088,-2.2900004386901855,-1.4062741994857788,1.4308702945709229,1.34226655960083,-0.38319408893585205,0.02248371446793003,914.225623854935,1224.376428121756,1413.0830903790088
tutup,dataset48k/train\tutup\tutup48k-tutup_9.wav.wav,-612.6841430664062,59.86488723754883,-5.910341739654541,3.81827449798584,15.113497734069824,-6.774247646331787,1.9961122274398804,4.212753772735596,-2.411210060119629,-1.42364501953125,1.6055787801742554,1.6404954195022583,-0.05811929702758789,0.022633870442708332,892.2019763186482,1189.2734069463875,1383.97216796875
tutup,dataset48k/train\tutup\tutup48k-tutup_90.wav.wav,-671.3644409179688,61.27940368652344,-3.3422937393188477,0.559436023235321,10.63455581665039,-1.9909905195236206,2.356867790222168,0.3652874529361725,-0.652561366558075,-2.2272539138793945,-3.155744791030884,1.6170228719711304,-1.0805412530899048,0.01786813446969697,1045.5823356072913,1320.9957094689476,1888.4943181818182
tutup,dataset48k/train\tutup\tutup48k-tutup_91.wav.wav,-749.5009155273438,58.864864349365234,-5.592258930206299,3.7417469024658203,14.654190063476562,-6.372833251953125,2.1213221549987793,4.284145355224609,-2.2751271724700928,-1.347494125366211,1.399718165397644,1.3142688274383545,-0.385741651058197,0.022117859420553936,980.2062069695472,1325.1382875207255,1582.3387390670555
tutup,dataset48k/train\tutup\tutup48k-tutup_92.wav.wav,-685.47900390625,61.32595443725586,-3.300849199295044,0.5764034390449524,10.635162353515625,-1.991316556930542,2.376831531524658,0.38651150465011597,-0.6439821124076843,-2.219845771789551,-3.164294719696045,1.6098432540893555,-1.0762255191802979,0.017749763257575758,1057.8303285999827,1335.3988591072537,1919.034090909091
tutup,dataset48k/train\tutup\tutup48k-tutup_93.wav.wav,-776.9833984375,58.757835388183594,-5.720864772796631,3.778674840927124,14.613789558410645,-6.432439804077148,2.173051118850708,4.219344615936279,-2.2970850467681885,-1.3717752695083618,1.3420673608779907,1.2996575832366943,-0.44981566071510315,0.02173065096574344,1015.4647476482478,1365.3904504394477,1658.7326895043732
tutup,dataset48k/train\tutup\tutup48k-tutup_94.wav.wav,-701.3450927734375,58.96158218383789,-5.551410675048828,3.764467716217041,14.744251251220703,-6.314982891082764,2.129476308822632,4.329494953155518,-2.3005614280700684,-1.3950365781784058,1.4312260150909424,1.3383500576019287,-0.37807223200798035,0.022345629099854228,922.4130251033922,1253.924472219376,1440.2104591836735
tutup,dataset48k/train\tutup\tutup48k-tutup_95.wav.wav,-620.3099365234375,61.444366455078125,-3.2399325370788574,0.5982388854026794,10.673965454101562,-1.945468783378601,2.397230863571167,0.40986642241477966,-0.623018741607666,-2.189974069595337,-3.1110947132110596,1.6580764055252075,-1.0798535346984863,0.018852095170454546,973.2754687004486,1257.2118958089382,1714.559659090909
tutup,dataset48k/train\tutup\tutup48k-tutup_96.wav.wav,-719.568115234375,61.09905242919922,-3.4425644874572754,0.5432851910591125,10.584144592285156,-2.0543065071105957,2.322242021560669,0.3228089213371277,-0.6590828895568848,-2.204953193664551,-3.1835501194000244,1.5966911315917969,-1.0778757333755493,0.017286635890151517,1131.0213024058455,1366.0381521571192,2040.9801136363637
tutup,dataset48k/train\tutup\tutup48k-tutup_97.wav.wav,-688.3598022460938,61.261505126953125,-3.3133833408355713,0.5764062404632568,10.620359420776367,-2.0078506469726562,2.3622732162475586,0.37896350026130676,-0.6416646242141724,-2.2321722507476807,-3.1624653339385986,1.6121413707733154,-1.0871528387069702,0.017808948863636365,1063.7457559728691,1341.1220215989479,1933.877840909091
tutup,dataset48k/train\tutup\tutup48k-tutup_98.wav.wav,-738.5416259765625,59.79336166381836,-5.947752952575684,3.6890289783477783,14.832703590393066,-6.4567389488220215,2.20027494430542,4.2782063484191895,-2.5495553016662598,-1.3005207777023315,1.539198875427246,1.4061787128448486,-0.3303263187408447,0.022530691964285716,974.8834671165793,1315.981407271852,1558.8220373376623
tutup,dataset48k/train\tutup\tutup48k-tutup_99.wav.wav,-566.1837768554688,61.20656204223633,-3.3885555267333984,0.6345850229263306,10.712733268737793,-2.0035901069641113,2.601407766342163,0.5533882975578308,-0.5170621275901794,-2.2702271938323975,-3.141463041305542,1.7488689422607422,-1.152711272239685,0.019592492055084745,913.0345023902901,1225.035694656743,1574.5233050847457
